0.07	15	15	U	0	unclassified
99.93	21674	0	R	1	root
99.93	21674	1063	R1	131567	  cellular organisms
93.33	20242	112	D	2	    Bacteria
92.22	20002	1	K	1783272	      Bacillati
92.20	19997	0	P	201174	        Actinomycetota
92.20	19997	0	C	1760	          Actinomycetes
78.47	17019	0	O	2037	            Actinomycetales
78.47	17019	0	F	2049	              Actinomycetaceae
78.47	17019	0	G	1654	                Actinomyces
78.47	17019	17019	S	544580	                  Actinomyces oris
13.73	2977	0	O	85011	            Kitasatosporales
13.73	2977	0	F	2062	              Streptomycetaceae
13.73	2977	1	G	1883	                Streptomyces
13.72	2976	0	G1	2593676	                  unclassified Streptomyces
13.72	2975	2975	S	477697	                    Streptomyces sp. T12
0.00	1	1	S	2903806	                    Streptomyces sp. NBC_01268
0.00	1	0	O	85009	            Propionibacteriales
0.00	1	0	F	31957	              Propionibacteriaceae
0.00	1	1	G	72763	                Tessaracoccus
0.01	3	0	P	1239	        Bacillota
0.01	3	0	C	91061	          Bacilli
0.01	3	0	O	1385	            Bacillales
0.01	3	0	F	186817	              Bacillaceae
0.01	2	0	G	1386	                Bacillus
0.01	2	0	G1	86661	                  Bacillus cereus group
0.01	2	1	S	1396	                    Bacillus cereus
0.00	1	1	S1	526969	                      Bacillus cereus m1550
0.00	1	0	G	108525	                Pseudobacillus
0.00	1	1	S	1455	                  Pseudobacillus badius
0.00	1	0	K1	1798711	        Cyanobacteriota/Melainabacteria group
0.00	1	0	P	1117	          Cyanobacteriota
0.00	1	0	C	3028117	            Cyanophyceae
0.00	1	0	O	1161	              Nostocales
0.00	1	0	F	1162	                Nostocaceae
0.00	1	0	G	1177	                  Nostoc
0.00	1	1	G1	2593658	                    unclassified Nostoc
0.59	128	1	K	3379134	      Pseudomonadati
0.58	125	1	P	1224	        Pseudomonadota
0.51	111	0	C	28216	          Betaproteobacteria
0.51	111	0	O	80840	            Burkholderiales
0.51	111	0	F	80864	              Comamonadaceae
0.51	111	0	G	12916	                Acidovorax
0.51	111	0	G1	2684926	                  unclassified Acidovorax
0.51	111	111	S	3273430	                    Acidovorax sp. BLS4
0.05	11	0	C	1236	          Gammaproteobacteria
0.03	6	0	O	91347	            Enterobacterales
0.02	5	0	F	543	              Enterobacteriaceae
0.02	4	0	G	561	                Escherichia
0.02	4	4	S	562	                  Escherichia coli
0.00	1	0	G	570	                Klebsiella
0.00	1	0	G1	3390273	                  Klebsiella pneumoniae complex
0.00	1	1	S	573	                    Klebsiella pneumoniae
0.00	1	0	F	1903410	              Pectobacteriaceae
0.00	1	0	G	71655	                Brenneria
0.00	1	1	S	3057057	                  Brenneria uluponensis
0.01	3	0	O	135614	            Lysobacterales
0.01	3	0	F	32033	              Lysobacteraceae
0.01	3	0	G	40323	                Stenotrophomonas
0.01	3	0	G1	995085	                  Stenotrophomonas maltophilia group
0.01	3	3	S	40324	                    Stenotrophomonas maltophilia
0.00	1	0	O	72274	            Pseudomonadales
0.00	1	0	F	135621	              Pseudomonadaceae
0.00	1	1	G	286	                Pseudomonas
0.00	1	0	O	135623	            Vibrionales
0.00	1	0	F	641	              Vibrionaceae
0.00	1	0	G	662	                Vibrio
0.00	1	0	G1	717610	                  Vibrio harveyi group
0.00	1	1	S	680	                    Vibrio campbellii
0.01	2	0	C	28211	          Alphaproteobacteria
0.00	1	0	O	204455	            Rhodobacterales
0.00	1	0	F	31989	              Paracoccaceae
0.00	1	0	G	1658781	                Aliiroseovarius
0.00	1	1	S	154981	                  Aliiroseovarius crassostreae
0.00	1	0	O	204457	            Sphingomonadales
0.00	1	0	F	41297	              Sphingomonadaceae
0.00	1	0	G	13687	                Sphingomonas
0.00	1	0	G1	196159	                  unclassified Sphingomonas
0.00	1	1	S	2898433	                    Sphingomonas sp. J315
0.00	1	0	P	57723	        Acidobacteriota
0.00	1	0	C	204432	          Terriglobia
0.00	1	0	O	204433	            Terriglobales
0.00	1	0	F	204434	              Acidobacteriaceae
0.00	1	0	G	3154218	                Tunturiibacter
0.00	1	1	S	3069691	                  Tunturiibacter empetritectus
0.00	1	0	K1	1783270	        FCB group
0.00	1	0	K2	68336	          Bacteroidota/Chlorobiota group
0.00	1	0	P	976	            Bacteroidota
0.00	1	0	C	200643	              Bacteroidia
0.00	1	0	O	171549	                Bacteroidales
0.00	1	0	F	171552	                  Prevotellaceae
0.00	1	0	G	2974251	                    Segatella
0.00	1	1	S	28135	                      Segatella oris
1.70	369	0	D	2759	    Eukaryota
1.56	339	2	D1	33154	      Opisthokonta
1.50	326	0	K	4751	        Fungi
1.48	320	5	K1	451864	          Dikarya
1.20	261	0	P	4890	            Ascomycota
1.19	259	5	P1	716545	              saccharomyceta
1.05	228	13	P2	147537	                Saccharomycotina
0.70	152	0	C	4891	                  Saccharomycetes
0.68	147	0	O	4892	                    Saccharomycetales
0.68	147	9	F	4893	                      Saccharomycetaceae
0.40	86	0	G	1196389	                        Zygotorulaspora
0.40	86	86	S	42260	                          Zygotorulaspora mrakii
0.07	15	0	G	33170	                        Eremothecium
0.07	15	0	S	33169	                          Eremothecium gossypii
0.07	15	15	S1	284811	                            Eremothecium gossypii ATCC 10895
0.06	13	0	G	4953	                        Zygosaccharomyces
0.06	13	13	S	4956	                          Zygosaccharomyces rouxii
0.05	10	3	G	4930	                        Saccharomyces
0.03	7	0	S	114524	                          Saccharomyces kudriavzevii
0.03	7	7	S1	226230	                            Saccharomyces kudriavzevii IFO 1802
0.02	4	0	G	374468	                        Nakaseomyces
0.02	4	4	S	5478	                          Nakaseomyces glabratus
0.02	4	0	G	3163251	                        Huiozyma
0.02	4	0	S	588726	                          Huiozyma naganishii
0.02	4	4	S1	1071383	                            Huiozyma naganishii CBS 8797
0.01	2	0	G	71245	                        Kazachstania
0.01	2	0	S	432096	                          Kazachstania africana
0.01	2	2	S1	1071382	                            Kazachstania africana CBS 2517
0.00	1	0	G	4948	                        Torulaspora
0.00	1	1	S	48254	                          Torulaspora globosa
0.00	1	0	G	113604	                        Tetrapisispora
0.00	1	0	S	113608	                          Tetrapisispora phaffii
0.00	1	1	S1	1071381	                            Tetrapisispora phaffii CBS 4417
0.00	1	0	G	278028	                        Naumovozyma
0.00	1	0	S	27289	                          Naumovozyma dairenensis
0.00	1	1	S1	1071378	                            Naumovozyma dairenensis CBS 421
0.00	1	0	G	3163253	                        Henningerozyma
0.00	1	0	S	1071379	                          Henningerozyma blattae
0.00	1	1	S1	1071380	                            Henningerozyma blattae CBS 6284
0.02	5	0	O	3243779	                    Saccharomycodales
0.02	5	0	F	34365	                      Saccharomycodaceae
0.02	5	0	G	36034	                        Saccharomycodes
0.02	5	5	S	36035	                          Saccharomycodes ludwigii
0.29	62	1	C	3239874	                  Pichiomycetes
0.27	58	21	O	2916678	                    Serinales
0.17	36	0	F	27319	                      Metschnikowiaceae
0.13	28	0	G	3303203	                        Candidozyma
0.13	28	28	S	498019	                          Candidozyma auris
0.04	8	0	G	3300567	                        Australozyma
0.04	8	8	S	291208	                          Australozyma saopauloensis
0.00	1	0	F	766764	                      Debaryomycetaceae
0.00	1	0	F1	1535325	                        Candida/Lodderomyces clade
0.00	1	0	G	36913	                          Lodderomyces
0.00	1	1	S	1775926	                            Lodderomyces beijingensis
0.01	3	0	O	3243775	                    Pichiales
0.01	3	0	F	1156497	                      Pichiaceae
0.01	3	3	G	13366	                        Brettanomyces
0.00	1	0	C	3239873	                  Dipodascomycetes
0.00	1	0	O	3243772	                    Dipodascales
0.00	1	0	F	410830	                      Trichomonascaceae
0.00	1	0	G	410829	                        Sugiyamaella
0.00	1	1	S	796027	                          Sugiyamaella lignohabitans
0.12	26	0	P2	147538	                Pezizomycotina
0.12	26	1	P3	716546	                  leotiomyceta
0.06	14	1	P4	715989	                    sordariomyceta
0.04	9	0	C	147550	                      Sordariomycetes
0.03	7	0	C1	222544	                        Sordariomycetidae
0.03	7	0	O	5139	                          Sordariales
0.03	7	0	F	2609812	                            Podosporaceae
0.03	7	1	G	5144	                              Podospora
0.03	6	6	S	2093779	                                Podospora pseudocomata
0.01	2	0	C1	222543	                        Hypocreomycetidae
0.01	2	0	O	5125	                          Hypocreales
0.01	2	0	F	110618	                            Nectriaceae
0.01	2	0	G	5506	                              Fusarium
0.00	1	0	G1	171631	                                Fusarium oxysporum species complex
0.00	1	0	S	5507	                                  Fusarium oxysporum
0.00	1	0	S1	59765	                                    Fusarium oxysporum f. sp. lycopersici
0.00	1	1	S2	426428	                                      Fusarium oxysporum f. sp. lycopersici 4287
0.00	1	1	G1	569360	                                Fusarium sambucinum species complex
0.02	4	0	C	147548	                      Leotiomycetes
0.02	4	0	O	5178	                        Helotiales
0.02	4	0	F	28983	                          Sclerotiniaceae
0.02	4	0	G	33196	                            Botrytis
0.02	4	0	S	40559	                              Botrytis cinerea
0.02	4	4	S1	332648	                                Botrytis cinerea B05.10
0.03	7	0	P4	715962	                    dothideomyceta
0.03	7	0	C	147541	                      Dothideomycetes
0.03	7	0	C1	451868	                        Pleosporomycetidae
0.03	7	0	O	92860	                          Pleosporales
0.03	7	0	O1	715340	                            Pleosporineae
0.02	5	0	F	683158	                              Didymellaceae
0.02	5	0	G	5453	                                Ascochyta
0.02	5	5	S	5454	                                  Ascochyta rabiei
0.01	2	0	F	28556	                              Pleosporaceae
0.01	2	0	G	5027	                                Pyrenophora
0.01	2	2	S	45151	                                  Pyrenophora tritici-repentis
0.02	4	0	C	147545	                    Eurotiomycetes
0.02	4	0	C1	451871	                      Eurotiomycetidae
0.01	3	0	O	33183	                        Onygenales
0.01	3	0	F	33184	                          Onygenaceae
0.01	3	0	G	5500	                            Coccidioides
0.01	3	0	S	199306	                              Coccidioides posadasii
0.01	3	3	S1	443226	                                Coccidioides posadasii str. Silveira
0.00	1	0	O	5042	                        Eurotiales
0.00	1	0	F	1131492	                          Aspergillaceae
0.00	1	0	G	5052	                            Aspergillus
0.00	1	0	G1	2720870	                              Aspergillus subgen. Nidulantes
0.00	1	0	S	162425	                                Aspergillus nidulans
0.00	1	1	S1	227321	                                  Aspergillus nidulans FGSC A4
0.01	2	0	P1	451866	              Taphrinomycotina
0.01	2	0	C	147554	                Schizosaccharomycetes
0.01	2	0	O	34346	                  Schizosaccharomycetales
0.01	2	0	F	4894	                    Schizosaccharomycetaceae
0.01	2	2	G	4895	                      Schizosaccharomyces
0.25	54	3	P	5204	            Basidiomycota
0.19	41	0	P1	5302	              Agaricomycotina
0.11	24	0	C	155619	                Agaricomycetes
0.11	24	0	C1	452333	                  Agaricomycetidae
0.11	24	0	O	5338	                    Agaricales
0.11	24	0	O1	2982316	                      Marasmiineae
0.11	24	0	F	654128	                        Marasmiaceae
0.11	24	0	G	34448	                          Marasmius
0.11	24	24	S	181124	                            Marasmius oreades
0.08	17	0	C	155616	                Tremellomycetes
0.07	16	0	O	5234	                  Tremellales
0.07	16	0	F	1884633	                    Cryptococcaceae
0.07	15	12	G	5206	                      Cryptococcus
0.01	3	0	G1	1884637	                        Cryptococcus gattii species complex
0.01	3	0	S	1859096	                          Cryptococcus deuterogattii
0.01	3	3	S1	294750	                            Cryptococcus deuterogattii R265
0.00	1	0	G	490731	                      Kwoniella
0.00	1	1	S	1268659	                        Kwoniella botswanensis
0.00	1	0	O	1851469	                  Trichosporonales
0.00	1	0	F	1759442	                    Trichosporonaceae
0.00	1	0	G	1851468	                      Vanrija
0.00	1	1	S	143232	                        Vanrija pseudolonga
0.03	7	0	P1	452284	              Ustilaginomycotina
0.03	7	0	C	1538075	                Malasseziomycetes
0.03	7	0	O	162474	                  Malasseziales
0.03	7	0	F	742845	                    Malasseziaceae
0.03	7	0	G	55193	                      Malassezia
0.02	4	4	S	223818	                        Malassezia japonica
0.01	3	3	S	76775	                        Malassezia restricta
0.01	3	0	P1	29000	              Pucciniomycotina
0.01	3	0	C	162484	                Pucciniomycetes
0.01	3	0	O	5258	                  Pucciniales
0.01	3	0	F	5262	                    Pucciniaceae
0.01	3	0	G	5296	                      Puccinia
0.01	3	0	S	27350	                        Puccinia striiformis
0.01	3	3	S1	168172	                          Puccinia striiformis f. sp. tritici
0.03	6	0	K1	112252	          Fungi incertae sedis
0.03	6	0	P	1913637	            Mucoromycota
0.03	6	0	P1	214504	              Glomeromycotina
0.03	6	0	C	214506	                Glomeromycetes
0.03	6	0	O	36750	                  Glomerales
0.03	6	0	F	36751	                    Glomeraceae
0.03	6	0	G	1129544	                      Rhizophagus
0.03	6	6	S	588596	                        Rhizophagus irregularis
0.05	11	0	K	33208	        Metazoa
0.05	11	0	K1	6072	          Eumetazoa
0.05	11	0	K2	33213	            Bilateria
0.05	11	0	K3	33511	              Deuterostomia
0.05	11	0	P	7711	                Chordata
0.05	11	0	P1	89593	                  Craniata
0.05	11	0	P2	7742	                    Vertebrata
0.05	11	0	P3	7776	                      Gnathostomata
0.05	11	0	P4	117570	                        Teleostomi
0.05	11	0	P5	117571	                          Euteleostomi
0.05	11	0	P6	8287	                            Sarcopterygii
0.05	11	0	P7	1338369	                              Dipnotetrapodomorpha
0.05	11	0	P8	32523	                                Tetrapoda
0.05	11	0	P9	32524	                                  Amniota
0.05	11	0	C	40674	                                    Mammalia
0.05	11	0	C1	32525	                                      Theria
0.05	11	0	C2	9347	                                        Eutheria
0.05	11	0	C3	1437010	                                          Boreoeutheria
0.05	11	0	C4	314146	                                            Euarchontoglires
0.05	11	0	O	9443	                                              Primates
0.05	11	0	O1	376913	                                                Haplorrhini
0.05	11	0	O2	314293	                                                  Simiiformes
0.05	11	0	O3	9526	                                                    Catarrhini
0.05	11	0	O4	314295	                                                      Hominoidea
0.05	11	0	F	9604	                                                        Hominidae
0.05	11	0	F1	207598	                                                          Homininae
0.05	11	0	G	9605	                                                            Homo
0.05	11	11	S	9606	                                                              Homo sapiens
0.12	25	0	D1	2698737	      Sar
0.07	16	0	D2	33634	        Stramenopiles
0.07	15	0	D3	2696291	          Ochrophyta
0.07	15	0	P	2836	            Bacillariophyta
0.07	15	0	C	33836	              Coscinodiscophyceae
0.07	15	0	C1	33846	                Thalassiosirophycidae
0.07	15	0	O	33847	                  Thalassiosirales
0.07	15	0	F	29202	                    Thalassiosiraceae
0.07	15	0	G	35127	                      Thalassiosira
0.07	15	0	S	35128	                        Thalassiosira pseudonana
0.07	15	15	S1	296543	                          Thalassiosira pseudonana CCMP1335
0.00	1	0	P	4762	          Oomycota
0.00	1	0	C	3418804	            Peronosporomycetes
0.00	1	0	O	4776	              Peronosporales
0.00	1	0	F	4777	                Peronosporaceae
0.00	1	0	G	4778	                  Bremia
0.00	1	1	S	4779	                    Bremia lactucae
0.04	9	0	D2	33630	        Alveolata
0.04	9	0	P	5794	          Apicomplexa
0.03	6	0	C	1280412	            Conoidasida
0.03	6	0	C1	5796	              Coccidia
0.03	6	0	O	75739	                Eucoccidiorida
0.03	6	0	O1	423054	                  Eimeriorina
0.03	6	0	F	5809	                    Sarcocystidae
0.03	6	0	G	5810	                      Toxoplasma
0.03	6	0	S	5811	                        Toxoplasma gondii
0.03	6	6	S1	508771	                          Toxoplasma gondii ME49
0.01	3	0	C	422676	            Aconoidasida
0.01	2	0	O	5863	              Piroplasmida
0.01	2	0	F	27994	                Theileriidae
0.01	2	0	G	5873	                  Theileria
0.01	2	0	S	5872	                    Theileria equi
0.01	2	2	S1	1537102	                      Theileria equi strain WA
0.00	1	0	O	5819	              Haemosporida
0.00	1	0	F	1639119	                Plasmodiidae
0.00	1	0	G	5820	                  Plasmodium
0.00	1	0	G1	418107	                    Plasmodium (Laverania)
0.00	1	1	S	880535	                      Plasmodium adleri (nom. inval.)
0.02	5	0	D1	554915	      Amoebozoa
0.02	5	0	P	2605435	        Evosea
0.02	5	0	C	142796	          Eumycetozoa
0.02	5	0	C1	33083	            Dictyostelia
0.02	5	0	O	2058949	              Dictyosteliales
0.02	5	0	F	2058185	                Dictyosteliaceae
0.02	5	0	G	5782	                  Dictyostelium
0.02	5	0	S	44689	                    Dictyostelium discoideum
0.02	5	5	S1	352472	                      Dictyostelium discoideum AX4
