0.38	16	16	U	0	unclassified
99.62	4230	0	R	1	root
99.62	4230	248	R1	131567	  cellular organisms
72.82	3092	109	D	2	    Bacteria
60.41	2565	0	K	1783272	      Bacillati
60.39	2564	0	P	201174	        Actinomycetota
60.39	2564	1	C	1760	          Actinomycetes
47.81	2030	0	O	2037	            Actinomycetales
47.81	2030	0	F	2049	              Actinomycetaceae
47.81	2030	0	G	1654	                Actinomyces
47.81	2030	2030	S	544580	                  Actinomyces oris
12.51	531	0	O	85011	            Kitasatosporales
12.51	531	0	F	2062	              Streptomycetaceae
12.51	531	0	G	1883	                Streptomyces
12.51	531	0	G1	2593676	                  unclassified Streptomyces
12.51	531	531	S	477697	                    Streptomyces sp. T12
0.02	1	0	O	85006	            Micrococcales
0.02	1	0	F	1268	              Micrococcaceae
0.02	1	0	G	1663	                Arthrobacter
0.02	1	0	G1	235627	                  unclassified Arthrobacter
0.02	1	1	S	2017685	                    Arthrobacter sp. PM3
0.02	1	0	O	85010	            Pseudonocardiales
0.02	1	0	F	2070	              Pseudonocardiaceae
0.02	1	0	G	1137960	                Allokutzneria
0.02	1	1	S	211114	                  Allokutzneria albata
0.02	1	0	K1	1798711	        Cyanobacteriota/Melainabacteria group
0.02	1	0	P	1117	          Cyanobacteriota
0.02	1	0	C	3028117	            Cyanophyceae
0.02	1	0	O	1161	              Nostocales
0.02	1	0	F	1162	                Nostocaceae
0.02	1	0	G	1177	                  Nostoc
0.02	1	1	G1	2593658	                    unclassified Nostoc
9.84	418	0	K	3379134	      Pseudomonadati
9.84	418	64	P	1224	        Pseudomonadota
5.32	226	0	C	1236	          Gammaproteobacteria
5.25	223	0	O	135614	            Lysobacterales
5.25	223	0	F	32033	              Lysobacteraceae
5.25	223	0	G	40323	                Stenotrophomonas
5.25	223	0	G1	995085	                  Stenotrophomonas maltophilia group
5.25	223	223	S	40324	                    Stenotrophomonas maltophilia
0.05	2	0	O	91347	            Enterobacterales
0.05	2	0	F	543	              Enterobacteriaceae
0.05	2	0	G	561	                Escherichia
0.05	2	1	S	562	                  Escherichia coli
0.02	1	0	S1	83334	                    Escherichia coli O157:H7
0.02	1	1	S2	155864	                      Escherichia coli O157:H7 str. EDL933
0.02	1	0	O	135613	            Chromatiales
0.02	1	0	F	1676141	              Wenzhouxiangellaceae
0.02	1	0	G	1676142	                Wenzhouxiangella
0.02	1	0	G1	2613841	                  unclassified Wenzhouxiangella
0.02	1	1	S	2771012	                    Wenzhouxiangella sp. AB-CW3
3.01	128	0	C	28216	          Betaproteobacteria
3.01	128	0	O	80840	            Burkholderiales
3.01	128	0	F	80864	              Comamonadaceae
3.01	128	0	G	12916	                Acidovorax
3.01	128	0	G1	2684926	                  unclassified Acidovorax
3.01	128	128	S	3273430	                    Acidovorax sp. BLS4
20.96	890	4	D	2759	    Eukaryota
20.56	873	0	D1	33154	      Opisthokonta
20.35	864	9	K	4751	        Fungi
20.14	855	6	K1	451864	          Dikarya
10.88	462	2	P	5204	            Basidiomycota
10.34	439	48	P1	5302	              Agaricomycotina
7.28	309	0	C	155619	                Agaricomycetes
7.18	305	0	C1	452333	                  Agaricomycetidae
7.18	305	21	O	5338	                    Agaricales
5.51	234	0	O1	2982305	                      Agaricineae
5.51	234	0	F	40562	                        Strophariaceae
5.51	234	0	G	71950	                          Psilocybe
5.51	234	234	S	181762	                            Psilocybe cubensis
1.18	50	0	O1	2982316	                      Marasmiineae
1.18	50	0	F	654128	                        Marasmiaceae
1.18	50	0	G	34448	                          Marasmius
1.18	50	50	S	181124	                            Marasmius oreades
0.09	4	0	C1	355688	                  Agaricomycetes incertae sedis
0.09	4	0	O	36064	                    Cantharellales
0.09	4	0	F	5250	                      Ceratobasidiaceae
0.09	4	0	G	1322061	                        Rhizoctonia
0.09	4	4	S	456999	                          Rhizoctonia solani
1.93	82	0	C	155616	                Tremellomycetes
1.93	82	0	O	5234	                  Tremellales
1.93	82	0	F	1884633	                    Cryptococcaceae
1.91	81	38	G	490731	                      Kwoniella
0.73	31	31	S	1268659	                        Kwoniella botswanensis
0.19	8	0	S	1247712	                        Kwoniella europaea
0.19	8	8	S1	1423913	                          Kwoniella europaea PYCC6329
0.05	2	0	S	324769	                        Kwoniella bestiolae
0.05	2	2	S1	1296100	                          Kwoniella bestiolae CBS 10118
0.02	1	0	S	453459	                        Kwoniella pini
0.02	1	1	S1	1296096	                          Kwoniella pini CBS 10737
0.02	1	0	S	463800	                        Kwoniella mangrovensis
0.02	1	1	S1	1296122	                          Kwoniella mangroviensis CBS 8507
0.02	1	0	G	5206	                      Cryptococcus
0.02	1	0	G1	1884637	                        Cryptococcus gattii species complex
0.02	1	0	S	1859096	                          Cryptococcus deuterogattii
0.02	1	1	S1	294750	                            Cryptococcus deuterogattii R265
0.42	18	0	P1	452284	              Ustilaginomycotina
0.42	18	0	C	1538075	                Malasseziomycetes
0.42	18	0	O	162474	                  Malasseziales
0.42	18	0	F	742845	                    Malasseziaceae
0.42	18	2	G	55193	                      Malassezia
0.28	12	12	S	76775	                        Malassezia restricta
0.09	4	4	S	223818	                        Malassezia japonica
0.07	3	0	P1	29000	              Pucciniomycotina
0.07	3	0	C	162484	                Pucciniomycetes
0.07	3	0	O	5258	                  Pucciniales
0.07	3	0	F	5262	                    Pucciniaceae
0.07	3	0	G	5296	                      Puccinia
0.07	3	0	S	27350	                        Puccinia striiformis
0.07	3	3	S1	168172	                          Puccinia striiformis f. sp. tritici
9.11	387	0	P	4890	            Ascomycota
9.09	386	2	P1	716545	              saccharomyceta
7.30	310	0	P2	147538	                Pezizomycotina
7.30	310	6	P3	716546	                  leotiomyceta
6.74	286	4	P4	715989	                    sordariomyceta
6.31	268	8	C	147550	                      Sordariomycetes
3.93	167	2	C1	222543	                        Hypocreomycetidae
3.89	165	46	O	5125	                          Hypocreales
2.73	116	0	F	110618	                            Nectriaceae
2.73	116	0	G	5506	                              Fusarium
2.38	101	98	G1	569360	                                Fusarium sambucinum species complex
0.07	3	3	S	36050	                                  Fusarium poae
0.28	12	4	G1	232080	                                Fusarium solani species complex
0.19	8	8	S	1328300	                                  Fusarium keratoplasticum
0.05	2	2	S	1042133	                                Fusarium musae
0.02	1	0	G1	171627	                                Fusarium fujikuroi species complex
0.02	1	0	S	5127	                                  Fusarium fujikuroi
0.02	1	1	S1	1279085	                                    Fusarium fujikuroi IMI 58289
0.05	2	0	F	474943	                            Cordycipitaceae
0.05	2	0	G	150366	                              Akanthomyces
0.05	2	2	S	2231603	                                Akanthomyces muscarius
0.02	1	0	F	5129	                            Hypocreaceae
0.02	1	0	G	5543	                              Trichoderma
0.02	1	1	S	101201	                                Trichoderma asperellum
2.19	93	0	C1	222544	                        Sordariomycetidae
2.19	93	0	O	5139	                          Sordariales
2.19	93	0	F	2609812	                            Podosporaceae
2.19	93	90	G	5144	                              Podospora
0.07	3	3	S	2093779	                                Podospora pseudocomata
0.33	14	0	C	147548	                      Leotiomycetes
0.33	14	0	O	5178	                        Helotiales
0.33	14	0	F	28983	                          Sclerotiniaceae
0.33	14	0	G	33196	                            Botrytis
0.33	14	0	S	40559	                              Botrytis cinerea
0.33	14	14	S1	332648	                                Botrytis cinerea B05.10
0.28	12	0	P4	715962	                    dothideomyceta
0.28	12	0	C	147541	                      Dothideomycetes
0.14	6	0	C1	451867	                        Dothideomycetidae
0.14	6	0	O	2726947	                          Mycosphaerellales
0.14	6	0	F	93133	                            Mycosphaerellaceae
0.12	5	0	G	1047167	                              Zymoseptoria
0.12	5	0	S	1047171	                                Zymoseptoria tritici
0.12	5	5	S1	336722	                                  Zymoseptoria tritici IPO323
0.02	1	0	G	29002	                              Cercospora
0.02	1	1	S	122368	                                Cercospora beticola
0.14	6	0	C1	451868	                        Pleosporomycetidae
0.14	6	0	O	92860	                          Pleosporales
0.14	6	0	O1	715340	                            Pleosporineae
0.12	5	0	F	28556	                              Pleosporaceae
0.12	5	0	G	5027	                                Pyrenophora
0.12	5	5	S	45151	                                  Pyrenophora tritici-repentis
0.02	1	0	F	683158	                              Didymellaceae
0.02	1	0	G	5453	                                Ascochyta
0.02	1	1	S	5454	                                  Ascochyta rabiei
0.14	6	0	C	147545	                    Eurotiomycetes
0.14	6	0	C1	451871	                      Eurotiomycetidae
0.14	6	0	O	5042	                        Eurotiales
0.09	4	0	F	28568	                          Trichocomaceae
0.09	4	0	G	5094	                            Talaromyces
0.07	3	0	G1	2752537	                              Talaromyces sect. Talaromyces
0.07	3	3	S	37727	                                Talaromyces marneffei
0.02	1	0	G1	2752542	                              Talaromyces sect. Islandici
0.02	1	1	S	121627	                                Talaromyces rugulosus
0.05	2	0	F	1131492	                          Aspergillaceae
0.05	2	0	G	5052	                            Aspergillus
0.05	2	0	G1	2720874	                              Aspergillus subgen. Aspergillus
0.05	2	2	S	182096	                                Aspergillus chevalieri
1.74	74	1	P2	147537	                Saccharomycotina
1.25	53	0	C	4891	                  Saccharomycetes
1.22	52	0	O	4892	                    Saccharomycetales
1.22	52	2	F	4893	                      Saccharomycetaceae
0.73	31	2	G	4910	                        Kluyveromyces
0.68	29	29	S	28985	                          Kluyveromyces lactis
0.09	4	0	G	33170	                        Eremothecium
0.09	4	0	S	33169	                          Eremothecium gossypii
0.09	4	4	S1	284811	                            Eremothecium gossypii ATCC 10895
0.09	4	0	G	1196389	                        Zygotorulaspora
0.09	4	4	S	42260	                          Zygotorulaspora mrakii
0.07	3	0	G	4953	                        Zygosaccharomyces
0.07	3	3	S	4956	                          Zygosaccharomyces rouxii
0.07	3	0	G	71245	                        Kazachstania
0.07	3	0	S	432096	                          Kazachstania africana
0.07	3	3	S1	1071382	                            Kazachstania africana CBS 2517
0.05	2	0	G	4930	                        Saccharomyces
0.05	2	0	S	114524	                          Saccharomyces kudriavzevii
0.05	2	2	S1	226230	                            Saccharomyces kudriavzevii IFO 1802
0.02	1	0	G	374468	                        Nakaseomyces
0.02	1	1	S	5478	                          Nakaseomyces glabratus
0.02	1	0	G	3163251	                        Huiozyma
0.02	1	0	S	588726	                          Huiozyma naganishii
0.02	1	1	S1	1071383	                            Huiozyma naganishii CBS 8797
0.02	1	0	G	3163253	                        Henningerozyma
0.02	1	0	S	1071379	                          Henningerozyma blattae
0.02	1	1	S1	1071380	                            Henningerozyma blattae CBS 6284
0.02	1	0	O	3243779	                    Saccharomycodales
0.02	1	0	F	34365	                      Saccharomycodaceae
0.02	1	0	G	36034	                        Saccharomycodes
0.02	1	1	S	36035	                          Saccharomycodes ludwigii
0.47	20	0	C	3239874	                  Pichiomycetes
0.42	18	9	O	2916678	                    Serinales
0.21	9	0	F	27319	                      Metschnikowiaceae
0.16	7	0	G	3303203	                        Candidozyma
0.16	7	7	S	498019	                          Candidozyma auris
0.05	2	0	G	3300567	                        Australozyma
0.05	2	2	S	291208	                          Australozyma saopauloensis
0.05	2	0	O	3243775	                    Pichiales
0.05	2	0	F	1156497	                      Pichiaceae
0.05	2	0	G	461281	                        Ogataea
0.05	2	0	S	1005962	                          Ogataea parapolymorpha
0.05	2	2	S1	871575	                            Ogataea parapolymorpha DL-1
0.02	1	0	P1	451866	              Taphrinomycotina
0.02	1	0	C	147554	                Schizosaccharomycetes
0.02	1	0	O	34346	                  Schizosaccharomycetales
0.02	1	0	F	4894	                    Schizosaccharomycetaceae
0.02	1	1	G	4895	                      Schizosaccharomyces
0.21	9	0	K	33208	        Metazoa
0.21	9	0	K1	6072	          Eumetazoa
0.21	9	0	K2	33213	            Bilateria
0.21	9	0	K3	33511	              Deuterostomia
0.21	9	0	P	7711	                Chordata
0.21	9	0	P1	89593	                  Craniata
0.21	9	0	P2	7742	                    Vertebrata
0.21	9	0	P3	7776	                      Gnathostomata
0.21	9	0	P4	117570	                        Teleostomi
0.21	9	0	P5	117571	                          Euteleostomi
0.21	9	0	P6	8287	                            Sarcopterygii
0.21	9	0	P7	1338369	                              Dipnotetrapodomorpha
0.21	9	0	P8	32523	                                Tetrapoda
0.21	9	0	P9	32524	                                  Amniota
0.21	9	0	C	40674	                                    Mammalia
0.21	9	0	C1	32525	                                      Theria
0.21	9	0	C2	9347	                                        Eutheria
0.21	9	0	C3	1437010	                                          Boreoeutheria
0.21	9	0	C4	314146	                                            Euarchontoglires
0.21	9	0	O	9443	                                              Primates
0.21	9	0	O1	376913	                                                Haplorrhini
0.21	9	0	O2	314293	                                                  Simiiformes
0.21	9	0	O3	9526	                                                    Catarrhini
0.21	9	0	O4	314295	                                                      Hominoidea
0.21	9	0	F	9604	                                                        Hominidae
0.21	9	0	F1	207598	                                                          Homininae
0.21	9	0	G	9605	                                                            Homo
0.21	9	9	S	9606	                                                              Homo sapiens
0.26	11	0	D1	2698737	      Sar
0.14	6	0	D2	33634	        Stramenopiles
0.14	6	0	D3	2696291	          Ochrophyta
0.14	6	0	P	2836	            Bacillariophyta
0.14	6	0	C	33836	              Coscinodiscophyceae
0.14	6	0	C1	33846	                Thalassiosirophycidae
0.14	6	0	O	33847	                  Thalassiosirales
0.14	6	0	F	29202	                    Thalassiosiraceae
0.14	6	0	G	35127	                      Thalassiosira
0.14	6	0	S	35128	                        Thalassiosira pseudonana
0.14	6	6	S1	296543	                          Thalassiosira pseudonana CCMP1335
0.09	4	0	D2	33630	        Alveolata
0.09	4	1	P	5794	          Apicomplexa
0.07	3	0	C	1280412	            Conoidasida
0.07	3	0	C1	5796	              Coccidia
0.07	3	0	O	75739	                Eucoccidiorida
0.07	3	0	O1	423054	                  Eimeriorina
0.07	3	0	F	5809	                    Sarcocystidae
0.07	3	0	G	5810	                      Toxoplasma
0.07	3	0	S	5811	                        Toxoplasma gondii
0.07	3	3	S1	508771	                          Toxoplasma gondii ME49
0.02	1	0	D2	543769	        Rhizaria
0.02	1	0	P	136419	          Cercozoa
0.02	1	0	C	29197	            Chlorarachniophyceae
0.02	1	0	G	227085	              Bigelowiella
0.02	1	1	S	227086	                Bigelowiella natans
0.02	1	0	D1	554915	      Amoebozoa
0.02	1	0	P	2605435	        Evosea
0.02	1	0	C	142796	          Eumycetozoa
0.02	1	0	C1	33083	            Dictyostelia
0.02	1	0	O	2058949	              Dictyosteliales
0.02	1	0	F	2058185	                Dictyosteliaceae
0.02	1	0	G	5782	                  Dictyostelium
0.02	1	0	S	44689	                    Dictyostelium discoideum
0.02	1	1	S1	352472	                      Dictyostelium discoideum AX4
0.02	1	0	D1	2611341	      Metamonada
0.02	1	0	P	207245	        Fornicata
0.02	1	0	O	5738	          Diplomonadida
0.02	1	0	F	5739	            Hexamitidae
0.02	1	0	F1	68460	              Hexamitinae
0.02	1	0	G	39709	                Spironucleus
0.02	1	1	S	348837	                  Spironucleus salmonicida
