name	taxid	domain	kingdom	phylum	class	order	present_in_samples	total	barcode01	barcode02	barcode03	barcode04	barcode05	barcode06	barcode08	barcode09	barcode10	barcode11	barcode12	barcode13	barcode14	barcode17	barcode19	barcode20	barcode21	barcode22	barcode23	barcode24	unclassified
Actinomycetaceae	2049	Bacteria	Bacillati	Actinomycetota	Actinomycetes	Actinomycetales	21	120770	296	8981	6943	42	13920	9130	13072	5315	5663	1213	1421	8935	547	1549	7820	4232	4822	7030	10403	7770	1666
Streptomycetaceae	2062	Bacteria	Bacillati	Actinomycetota	Actinomycetes	Kitasatosporales	20	57936	7277	2	1	0	551	7541	23642	56	1	11578	2205	117	160	736	24	10	18	832	2653	13	519
Lysobacteraceae	32033	Bacteria	Pseudomonadati	Pseudomonadota	Gammaproteobacteria	Lysobacterales	17	17247	133	0	1	0	1973	5	16	2	0	9390	4764	1	64	0	11	291	354	14	3	2	223
Comamonadaceae	80864	Bacteria	Pseudomonadati	Pseudomonadota	Betaproteobacteria	Burkholderiales	19	6989	4612	0	2	0	56	537	1218	1	1	126	103	7	8	33	1	8	10	25	111	2	128
Cryptococcaceae	1884633	Eukaryota	Fungi	Basidiomycota	Tremellomycetes	Tremellales	20	6888	9	5	181	4	112	4	27	23	1013	9	9	2	13	0	17	2517	2842	2	16	1	82
Strophariaceae	40562	Eukaryota	Fungi	Basidiomycota	Agaricomycetes	Agaricales	13	6757	11	2	2399	13	0	0	0	1	160	1	0	0	2	0	1	1729	2235	2	0	0	201
Nectriaceae	110618	Eukaryota	Fungi	Ascomycota	Sordariomycetes	Hypocreales	17	6079	4	3	0	0	15	4	0	2	69	3	1	2	29	1	607	2431	2791	2	2	0	113
Podosporaceae	2609812	Eukaryota	Fungi	Ascomycota	Sordariomycetes	Sordariales	19	4598	30	8	6	0	13	19	27	6	94	2	6	9	15	0	35	1862	2351	5	7	10	93
Saccharomycetaceae	4893	Eukaryota	Fungi	Ascomycota	Saccharomycetes	Saccharomycetales	20	3187	10	90	43	0	111	173	226	38	44	27	33	129	21	17	1685	85	113	95	147	53	47
Marasmiaceae	654128	Eukaryota	Fungi	Basidiomycota	Agaricomycetes	Agaricales	20	1449	1	18	451	1	56	16	17	15	38	9	9	17	0	3	41	314	346	13	24	10	50
Malasseziaceae	742845	Eukaryota	Fungi	Basidiomycota	Malasseziomycetes	Malasseziales	21	1188	4	3	16	1	38	140	61	50	258	14	4	27	154	173	156	21	35	4	7	4	18
Sclerotiniaceae	28983	Eukaryota	Fungi	Ascomycota	Leotiomycetes	Helotiales	17	648	2	0	1	0	4	0	1	6	61	1	3	1	0	1	1	249	296	2	4	1	14
Metschnikowiaceae	27319	Eukaryota	Fungi	Ascomycota	Pichiomycetes	Serinales	20	509	2	54	33	1	70	31	37	16	24	4	4	34	0	2	25	25	36	35	36	31	9
Cordycipitaceae	474943	Eukaryota	Fungi	Ascomycota	Sordariomycetes	Hypocreales	6	247	1	0	0	0	45	0	0	0	0	0	0	0	1	0	196	0	2	0	0	0	2
Pichiaceae	1156497	Eukaryota	Fungi	Ascomycota	Pichiomycetes	Pichiales	16	215	1	0	5	0	145	2	2	8	3	0	1	21	0	0	10	4	6	1	3	1	2
Hominidae	9604	Eukaryota	Metazoa	Chordata	Mammalia	Primates	20	200	3	9	5	0	10	11	14	5	9	4	2	16	1	2	24	22	26	8	11	9	9
Thalassiosiraceae	29202	Eukaryota	Metazoa	Bacillariophyta	Coscinodiscophyceae	Thalassiosirales	19	196	0	18	8	0	14	11	14	9	8	2	6	15	1	1	15	11	16	11	15	15	6
Mycosphaerellaceae	93133	Eukaryota	Fungi	Ascomycota	Dothideomycetes	Mycosphaerellales	13	175	5	1	0	0	2	7	17	1	10	9	8	17	0	0	0	36	56	0	0	0	6
Saccharomycodaceae	34365	Eukaryota	Fungi	Ascomycota	Saccharomycetes	Saccharomycodales	17	160	2	5	4	0	8	3	6	2	1	1	1	5	0	0	96	9	7	4	5	0	1
Trichocomaceae	28568	Eukaryota	Fungi	Ascomycota	Eurotiomycetes	Eurotiales	5	124	0	0	0	0	0	0	0	0	1	0	0	0	0	0	3	64	52	0	0	0	4
Clavicipitaceae	34397	Eukaryota	Fungi	Ascomycota	Sordariomycetes	Hypocreales	7	120	0	0	0	3	91	0	1	0	1	0	0	0	0	0	20	2	2	0	0	0	0
Ceratobasidiaceae	5250	Eukaryota	Fungi	Basidiomycota	Agaricomycetes	Cantharellales	11	116	0	6	78	0	0	0	1	1	5	0	3	1	2	0	11	0	4	0	0	0	4
Sarcocystidae	5809	Eukaryota	Metazoa	Apicomplexa	Conoidasida	Eucoccidiorida	19	102	1	7	4	0	15	7	10	5	6	1	1	4	0	1	6	4	8	10	6	3	3
Glomeraceae	36751	Eukaryota	Fungi	Mucoromycota	Glomeromycetes	Glomerales	15	97	0	7	3	0	11	6	15	6	7	0	1	2	0	0	4	10	6	2	6	11	0
Pucciniaceae	5262	Eukaryota	Fungi	Basidiomycota	Pucciniomycetes	Pucciniales	17	89	0	1	6	0	7	4	8	2	5	0	1	3	1	0	2	13	23	4	3	3	3
Pleosporaceae	28556	Eukaryota	Fungi	Ascomycota	Dothideomycetes	Pleosporales	20	84	1	3	3	1	13	3	10	1	5	3	7	1	0	1	2	10	8	1	2	4	5
Schizosaccharomycetaceae	4894	Eukaryota	Fungi	Ascomycota	Schizosaccharomycetes	Schizosaccharomycetales	14	68	0	4	0	0	6	1	6	0	5	0	5	2	0	0	19	4	7	4	2	2	1
Onygenaceae	33184	Eukaryota	Fungi	Ascomycota	Eurotiomycetes	Onygenales	10	55	0	0	1	0	1	5	33	0	0	0	2	3	0	0	0	3	3	0	3	1	0
Aspergillaceae	1131492	Eukaryota	Fungi	Ascomycota	Eurotiomycetes	Eurotiales	11	55	1	0	0	1	22	16	2	1	0	0	4	0	0	0	0	2	3	0	1	0	2
Cryptosporidiidae	35082	Eukaryota	Metazoa	Apicomplexa	Conoidasida	Eucoccidiorida	5	35	1	0	0	0	0	0	1	0	2	0	0	0	0	0	28	3	0	0	0	0	0
Enterobacteriaceae	543	Bacteria	Pseudomonadati	Pseudomonadota	Gammaproteobacteria	Enterobacterales	14	34	1	6	1	0	3	1	3	1	2	0	0	2	0	1	4	0	0	2	5	0	2
Trichomonascaceae	410830	Eukaryota	Fungi	Ascomycota	Dipodascomycetes	Dipodascales	15	31	0	2	1	1	2	2	5	2	1	0	1	3	0	0	4	3	2	0	1	1	0
Theileriidae	27994	Eukaryota	Metazoa	Apicomplexa	Aconoidasida	Piroplasmida	13	29	0	4	5	0	0	3	3	0	0	0	0	2	1	1	3	1	1	2	2	1	0
Didymellaceae	683158	Eukaryota	Fungi	Ascomycota	Dothideomycetes	Pleosporales	12	29	0	0	2	0	0	3	4	1	1	0	5	1	0	0	0	1	3	2	5	0	1
Dictyosteliaceae	2058185	Eukaryota	Metazoa	Evosea	Eumycetozoa	Dictyosteliales	9	26	0	1	0	0	0	1	0	0	2	0	0	0	1	0	2	8	5	0	5	0	1
Trichosporonaceae	1759442	Eukaryota	Fungi	Basidiomycota	Tremellomycetes	Trichosporonales	11	25	0	0	7	0	3	1	1	0	2	0	2	2	0	0	1	0	3	2	1	0	0
Cyanidiaceae	265316	Eukaryota	Metazoa	Rhodophyta	Bangiophyceae	Cyanidiales	2	24	0	0	0	0	0	0	23	0	0	0	0	0	0	0	1	0	0	0	0	0	0
Bacillaceae	186817	Bacteria	Bacillati	Bacillota	Bacilli	Bacillales	11	20	1	1	0	0	2	1	2	1	0	5	0	2	0	0	1	0	1	0	3	0	0
Nitrobacteraceae	41294	Bacteria	Pseudomonadati	Pseudomonadota	Alphaproteobacteria	Hyphomicrobiales	5	19	0	0	1	0	15	0	0	0	0	1	1	0	0	0	0	0	1	0	0	0	0
Glomerellaceae	681950	Eukaryota	Fungi	Ascomycota	Sordariomycetes	Glomerellales	6	17	0	0	0	0	2	9	2	0	0	1	0	0	0	0	2	1	0	0	0	0	0
Ophiocordycipitaceae	474942	Eukaryota	Fungi	Ascomycota	Sordariomycetes	Hypocreales	4	15	0	0	3	0	0	0	0	0	0	0	1	0	0	0	0	4	7	0	0	0	0
Micrococcaceae	1268	Bacteria	Bacillati	Actinomycetota	Actinomycetes	Micrococcales	2	15	0	0	0	0	0	0	0	0	14	0	0	0	0	0	0	0	0	0	0	0	1
Pseudomonadaceae	135621	Bacteria	Pseudomonadati	Pseudomonadota	Gammaproteobacteria	Pseudomonadales	8	15	0	0	1	0	6	0	1	0	0	0	0	0	1	0	1	2	2	0	1	0	0
Halomonadaceae	28256	Bacteria	Pseudomonadati	Pseudomonadota	Gammaproteobacteria	Oceanospirillales	2	14	0	0	0	0	0	0	12	0	0	0	2	0	0	0	0	0	0	0	0	0	0
Rikenellaceae	171550	Bacteria	Pseudomonadati	Bacteroidota	Bacteroidia	Bacteroidales	7	12	2	0	0	0	1	1	0	1	0	0	0	0	0	0	4	0	0	1	0	2	0
Oxalobacteraceae	75682	Bacteria	Pseudomonadati	Pseudomonadota	Betaproteobacteria	Burkholderiales	5	9	0	0	0	0	1	3	0	1	3	0	0	0	0	0	0	0	0	0	0	1	0
Phyllobacteriaceae	69277	Bacteria	Pseudomonadati	Pseudomonadota	Alphaproteobacteria	Hyphomicrobiales	8	9	0	0	0	0	1	1	1	1	1	0	0	2	0	0	0	0	0	1	0	1	0
Phaeodactylaceae	38749	Eukaryota	Metazoa	Bacillariophyta	Bacillariophyceae	Naviculales	7	9	0	0	0	0	2	1	0	0	0	1	0	1	0	0	2	1	0	1	0	0	0
Yersiniaceae	1903411	Bacteria	Pseudomonadati	Pseudomonadota	Gammaproteobacteria	Enterobacterales	7	8	0	1	0	0	2	1	0	0	1	0	0	1	0	0	1	0	0	1	0	0	0
Peronosporaceae	4777	Eukaryota	Metazoa	Oomycota	Peronosporomycetes	Peronosporales	6	8	2	0	0	0	0	1	2	0	0	0	1	0	0	0	0	0	0	0	1	1	0
Chaetomiaceae	35718	Eukaryota	Fungi	Ascomycota	Sordariomycetes	Sordariales	2	7	0	0	0	0	2	0	0	0	0	0	0	0	0	0	5	0	0	0	0	0	0
Debaryomycetaceae	766764	Eukaryota	Fungi	Ascomycota	Pichiomycetes	Serinales	7	7	1	0	0	1	0	0	1	0	1	0	1	0	0	0	0	1	0	0	1	0	0
Hypocreaceae	5129	Eukaryota	Fungi	Ascomycota	Sordariomycetes	Hypocreales	5	7	0	0	3	0	1	0	0	0	0	0	0	0	0	0	0	0	1	0	0	1	1
Microbacteriaceae	85023	Bacteria	Bacillati	Actinomycetota	Actinomycetes	Micrococcales	6	7	0	0	0	0	1	0	1	0	0	2	1	0	0	0	0	1	0	0	0	1	0
Bryobacteraceae	1962910	Bacteria	Pseudomonadati	Acidobacteriota	Terriglobia	Bryobacterales	4	5	0	0	0	0	0	0	2	0	1	0	0	0	0	0	0	1	0	0	0	1	0
Pseudonocardiaceae	2070	Bacteria	Bacillati	Actinomycetota	Actinomycetes	Pseudonocardiales	2	5	0	0	0	0	0	0	4	0	0	0	0	0	0	0	0	0	0	0	0	0	1
Burkholderiaceae	119060	Bacteria	Pseudomonadati	Pseudomonadota	Betaproteobacteria	Burkholderiales	2	3	0	0	1	0	0	0	2	0	0	0	0	0	0	0	0	0	0	0	0	0	0
Acidobacteriaceae	204434	Bacteria	Pseudomonadati	Acidobacteriota	Terriglobia	Terriglobales	3	3	0	0	0	0	0	0	0	0	0	0	0	1	0	0	0	0	1	0	1	0	0
Stappiaceae	2821832	Bacteria	Pseudomonadati	Pseudomonadota	Alphaproteobacteria	Hyphomicrobiales	3	3	0	0	0	0	0	0	1	0	0	0	1	0	0	0	0	0	1	0	0	0	0
Vibrionaceae	641	Bacteria	Pseudomonadati	Pseudomonadota	Gammaproteobacteria	Vibrionales	3	3	0	0	0	0	0	0	0	0	1	0	0	0	0	0	0	1	0	0	1	0	0
Micromonosporaceae	28056	Bacteria	Bacillati	Actinomycetota	Actinomycetes	Micromonosporales	3	3	0	0	0	0	0	1	1	0	0	0	0	0	0	0	0	1	0	0	0	0	0
Nocardiaceae	85025	Bacteria	Bacillati	Actinomycetota	Actinomycetes	Mycobacteriales	2	3	0	0	0	0	0	2	0	0	0	1	0	0	0	0	0	0	0	0	0	0	0
Flavobacteriaceae	49546	Bacteria	Pseudomonadati	Bacteroidota	Flavobacteriia	Flavobacteriales	3	3	0	0	0	0	0	1	0	0	0	0	0	1	0	0	0	0	1	0	0	0	0
Mycoplasmataceae	2092	Bacteria	Bacillati	Mycoplasmatota	Mollicutes	Mycoplasmatales	2	2	0	0	0	0	0	1	0	0	0	0	0	0	0	0	1	0	0	0	0	0	0
Prevotellaceae	171552	Bacteria	Pseudomonadati	Bacteroidota	Bacteroidia	Bacteroidales	2	2	0	0	0	0	0	0	0	0	0	0	0	1	0	0	0	0	0	0	1	0	0
Phreatobacteraceae	2843305	Bacteria	Pseudomonadati	Pseudomonadota	Alphaproteobacteria	Hyphomicrobiales	1	2	0	0	0	0	0	0	0	0	0	0	2	0	0	0	0	0	0	0	0	0	0
Clostridiaceae	31979	Bacteria	Bacillati	Bacillota	Clostridia	Eubacteriales	2	2	1	0	1	0	0	0	0	0	0	0	0	0	0	0	0	0	0	0	0	0	0
Intrasporangiaceae	85021	Bacteria	Bacillati	Actinomycetota	Actinomycetes	Micrococcales	2	2	0	0	0	0	0	0	0	0	0	0	0	1	0	0	0	0	1	0	0	0	0
Listeriaceae	186820	Bacteria	Bacillati	Bacillota	Bacilli	Bacillales	1	2	0	0	0	0	0	2	0	0	0	0	0	0	0	0	0	0	0	0	0	0	0
Alcaligenaceae	506	Bacteria	Pseudomonadati	Pseudomonadota	Betaproteobacteria	Burkholderiales	1	2	0	0	0	0	0	0	2	0	0	0	0	0	0	0	0	0	0	0	0	0	0
Hexamitidae	5739	Eukaryota	Metazoa	Fornicata		Diplomonadida	2	2	0	1	0	0	0	0	0	0	0	0	0	0	0	0	0	0	0	0	0	0	1
Nostocaceae	1162	Bacteria	Bacillati	Cyanobacteriota	Cyanophyceae	Nostocales	2	2	0	0	0	0	0	0	0	0	0	0	0	0	0	0	0	0	0	0	1	0	1
Erythrobacteraceae	335929	Bacteria	Pseudomonadati	Pseudomonadota	Alphaproteobacteria	Sphingomonadales	2	2	0	0	0	0	1	0	1	0	0	0	0	0	0	0	0	0	0	0	0	0	0
Haloarculaceae	1963268	Archaea	Methanobacteriati	Methanobacteriota	Halobacteria	Halobacteriales	1	2	0	0	0	0	0	2	0	0	0	0	0	0	0	0	0	0	0	0	0	0	0
Geodermatophilaceae	85030	Bacteria	Bacillati	Actinomycetota	Actinomycetes	Geodermatophilales	1	2	0	0	0	0	0	0	2	0	0	0	0	0	0	0	0	0	0	0	0	0	0
Erwiniaceae	1903409	Bacteria	Pseudomonadati	Pseudomonadota	Gammaproteobacteria	Enterobacterales	1	1	0	0	0	0	0	0	0	0	0	0	0	0	0	0	1	0	0	0	0	0	0
Anaeromyxobacteraceae	1524215	Bacteria	Pseudomonadati	Myxococcota	Myxococcia	Myxococcales	1	1	0	0	0	0	0	0	1	0	0	0	0	0	0	0	0	0	0	0	0	0	0
Anaerovoracaceae	543314	Bacteria	Bacillati	Bacillota	Clostridia	Peptostreptococcales	1	1	0	0	1	0	0	0	0	0	0	0	0	0	0	0	0	0	0	0	0	0	0
Bifidobacteriaceae	31953	Bacteria	Bacillati	Actinomycetota	Actinomycetes	Bifidobacteriales	1	1	0	0	1	0	0	0	0	0	0	0	0	0	0	0	0	0	0	0	0	0	0
Desulfovibrionaceae	194924	Bacteria	Pseudomonadati	Thermodesulfobacteriota	Desulfovibrionia	Desulfovibrionales	1	1	0	0	0	0	0	0	0	0	0	0	1	0	0	0	0	0	0	0	0	0	0
Geobacteraceae	213422	Bacteria	Pseudomonadati	Thermodesulfobacteriota	Desulfuromonadia	Geobacterales	1	1	0	0	0	0	1	0	0	0	0	0	0	0	0	0	0	0	0	0	0	0	0
Geminicoccaceae	2066434	Bacteria	Pseudomonadati	Pseudomonadota	Alphaproteobacteria	Geminicoccales	1	1	0	0	0	0	0	0	1	0	0	0	0	0	0	0	0	0	0	0	0	0	0
Methylobacteriaceae	119045	Bacteria	Pseudomonadati	Pseudomonadota	Alphaproteobacteria	Hyphomicrobiales	1	1	0	0	0	0	0	0	1	0	0	0	0	0	0	0	0	0	0	0	0	0	0
Methylococcaceae	403	Bacteria	Pseudomonadati	Pseudomonadota	Gammaproteobacteria	Methylococcales	1	1	0	1	0	0	0	0	0	0	0	0	0	0	0	0	0	0	0	0	0	0	0
Lachnospiraceae	186803	Bacteria	Bacillati	Bacillota	Clostridia	Lachnospirales	1	1	0	0	0	0	1	0	0	0	0	0	0	0	0	0	0	0	0	0	0	0	0
Lactobacillaceae	33958	Bacteria	Bacillati	Bacillota	Bacilli	Lactobacillales	1	1	0	0	0	0	1	0	0	0	0	0	0	0	0	0	0	0	0	0	0	0	0
Helicobacteraceae	72293	Bacteria	Pseudomonadati	Campylobacterota	Epsilonproteobacteria	Campylobacterales	1	1	0	0	0	0	0	0	0	0	1	0	0	0	0	0	0	0	0	0	0	0	0
Ectothiorhodospiraceae	72276	Bacteria	Pseudomonadati	Pseudomonadota	Gammaproteobacteria	Chromatiales	1	1	0	0	1	0	0	0	0	0	0	0	0	0	0	0	0	0	0	0	0	0	0
Propionibacteriaceae	31957	Bacteria	Bacillati	Actinomycetota	Actinomycetes	Propionibacteriales	1	1	0	0	0	0	0	0	0	0	0	0	0	0	0	0	0	0	0	0	1	0	0
Polyangiaceae	49	Bacteria	Pseudomonadati	Myxococcota	Myxococcia	Polyangiales	1	1	0	0	0	0	0	0	1	0	0	0	0	0	0	0	0	0	0	0	0	0	0
Natrialbaceae	1644061	Archaea	Methanobacteriati	Methanobacteriota	Halobacteria	Halobacteriales	1	1	0	0	0	0	0	0	1	0	0	0	0	0	0	0	0	0	0	0	0	0	0
Moraxellaceae	468	Bacteria	Pseudomonadati	Pseudomonadota	Gammaproteobacteria	Moraxellales	1	1	1	0	0	0	0	0	0	0	0	0	0	0	0	0	0	0	0	0	0	0	0
Pirellulaceae	2691357	Bacteria	Pseudomonadati	Planctomycetota	Planctomycetia	Pirellulales	1	1	0	0	0	0	0	0	0	0	0	0	0	0	0	0	0	0	1	0	0	0	0
Plasmodiidae	1639119	Eukaryota	Metazoa	Apicomplexa	Aconoidasida	Haemosporida	1	1	0	0	0	0	0	0	0	0	0	0	0	0	0	0	0	0	0	0	1	0	0
Pectobacteriaceae	1903410	Bacteria	Pseudomonadati	Pseudomonadota	Gammaproteobacteria	Enterobacterales	1	1	0	0	0	0	0	0	0	0	0	0	0	0	0	0	0	0	0	0	1	0	0
Mycobacteriaceae	1762	Bacteria	Bacillati	Actinomycetota	Actinomycetes	Mycobacteriales	1	1	0	0	0	0	0	0	0	0	1	0	0	0	0	0	0	0	0	0	0	0	0
Oscillospiraceae	216572	Bacteria	Bacillati	Bacillota	Clostridia	Eubacteriales	1	1	0	0	0	0	0	0	0	0	1	0	0	0	0	0	0	0	0	0	0	0	0
Paracoccaceae	31989	Bacteria	Pseudomonadati	Pseudomonadota	Alphaproteobacteria	Rhodobacterales	1	1	0	0	0	0	0	0	0	0	0	0	0	0	0	0	0	0	0	0	1	0	0
Sphingopyxidaceae	3423718	Bacteria	Pseudomonadati	Pseudomonadota	Alphaproteobacteria	Sphingomonadales	1	1	0	0	0	0	0	0	1	0	0	0	0	0	0	0	0	0	0	0	0	0	0
Sphingomonadaceae	41297	Bacteria	Pseudomonadati	Pseudomonadota	Alphaproteobacteria	Sphingomonadales	1	1	0	0	0	0	0	0	0	0	0	0	0	0	0	0	0	0	0	0	1	0	0
Sphaerotilaceae	2975441	Bacteria	Pseudomonadati	Pseudomonadota	Betaproteobacteria	Burkholderiales	1	1	0	0	0	0	0	1	0	0	0	0	0	0	0	0	0	0	0	0	0	0	0
Sordariaceae	5148	Eukaryota	Fungi	Ascomycota	Sordariomycetes	Sordariales	1	1	0	0	0	0	0	0	0	0	0	0	0	0	0	0	0	1	0	0	0	0	0
Sedimentisphaeraceae	2483367	Bacteria	Pseudomonadati	Planctomycetota	Phycisphaerae	Sedimentisphaerales	1	1	0	0	0	0	0	0	1	0	0	0	0	0	0	0	0	0	0	0	0	0	0
Segniliparaceae	316606	Bacteria	Bacillati	Actinomycetota	Actinomycetes	Mycobacteriales	1	1	0	0	0	0	0	0	0	0	0	1	0	0	0	0	0	0	0	0	0	0	0
Pyriculariaceae	2528436	Eukaryota	Fungi	Ascomycota	Sordariomycetes	Magnaporthales	1	1	0	0	0	0	0	0	1	0	0	0	0	0	0	0	0	0	0	0	0	0	0
Rhodanobacteraceae	1775411	Bacteria	Pseudomonadati	Pseudomonadota	Gammaproteobacteria	Lysobacterales	1	1	0	0	0	0	0	0	0	0	0	0	0	0	0	0	0	0	1	0	0	0	0
Rhodospirillaceae	41295	Bacteria	Pseudomonadati	Pseudomonadota	Alphaproteobacteria	Rhodospirillales	1	1	0	0	0	0	0	0	0	0	0	0	0	0	0	0	0	0	0	1	0	0	0
Thermoactinomycetaceae	186824	Bacteria	Bacillati	Bacillota	Bacilli	Bacillales	1	1	0	0	1	0	0	0	0	0	0	0	0	0	0	0	0	0	0	0	0	0	0
Sulfurospirillaceae	2932623	Bacteria	Pseudomonadati	Campylobacterota	Epsilonproteobacteria	Campylobacterales	1	1	0	0	0	0	0	0	0	0	0	0	0	1	0	0	0	0	0	0	0	0	0
Synechococcaceae	1890426	Bacteria	Bacillati	Cyanobacteriota	Cyanophyceae	Synechococcales	1	1	0	0	0	0	0	0	1	0	0	0	0	0	0	0	0	0	0	0	0	0	0
Thermosulfidibacteraceae	3120748	Bacteria	Pseudomonadati	Thermosulfidibacterota	Thermosulfidibacteria	Thermosulfidibacterales	1	1	0	0	1	0	0	0	0	0	0	0	0	0	0	0	0	0	0	0	0	0	0
Vicinamibacteraceae	2211325	Bacteria	Pseudomonadati	Acidobacteriota	Vicinamibacteria	Vicinamibacterales	1	1	0	0	0	0	1	0	0	0	0	0	0	0	0	0	0	0	0	0	0	0	0
Weeksellaceae	2762318	Bacteria	Pseudomonadati	Bacteroidota	Flavobacteriia	Flavobacteriales	1	1	0	0	0	0	0	1	0	0	0	0	0	0	0	0	0	0	0	0	0	0	0
Wenzhouxiangellaceae	1676141	Bacteria	Pseudomonadati	Pseudomonadota	Gammaproteobacteria	Chromatiales	1	1	0	0	0	0	0	0	0	0	0	0	0	0	0	0	0	0	0	0	0	0	1
