  0.06	5	5	U	0	unclassified
 99.94	8303	0	R	1	root
 99.94	8303	556	R1	131567	  cellular organisms
 68.52	5693	2	D	2	    Bacteria
 68.37	5680	0	K	1783272	      Bacillati
 68.36	5679	0	P	201174	        Actinomycetota
 68.36	5679	0	C	1760	          Actinomycetes
 68.16	5663	0	O	2037	            Actinomycetales
 68.16	5663	0	F	2049	              Actinomycetaceae
 68.16	5663	0	G	1654	                Actinomyces
 68.16	5663	5663	S	544580	                  Actinomyces oris
  0.17	14	0	O	85006	            Micrococcales
  0.17	14	14	F	1268	              Micrococcaceae
  0.01	1	0	O	85007	            Mycobacteriales
  0.01	1	0	F	1762	              Mycobacteriaceae
  0.01	1	0	G	1763	                Mycobacterium
  0.01	1	0	G1	2642494	                  unclassified Mycobacterium
  0.01	1	1	S	3122055	                    Mycobacterium sp. AMU20-3851
  0.01	1	0	O	85011	            Kitasatosporales
  0.01	1	0	F	2062	              Streptomycetaceae
  0.01	1	0	G	1883	                Streptomyces
  0.01	1	0	G1	2593676	                  unclassified Streptomyces
  0.01	1	1	S	477697	                    Streptomyces sp. T12
  0.01	1	0	P	1239	        Bacillota
  0.01	1	0	C	186801	          Clostridia
  0.01	1	0	O	186802	            Eubacteriales
  0.01	1	0	F	216572	              Oscillospiraceae
  0.01	1	0	G	3073575	                Hominenteromicrobium
  0.01	1	1	S	2885357	                  Hominenteromicrobium mulieris
  0.13	11	0	K	3379134	      Pseudomonadati
  0.11	9	0	P	1224	        Pseudomonadota
  0.05	4	0	C	1236	          Gammaproteobacteria
  0.04	3	0	O	91347	            Enterobacterales
  0.02	2	0	F	543	              Enterobacteriaceae
  0.01	1	0	G	561	                Escherichia
  0.01	1	1	S	562	                  Escherichia coli
  0.01	1	0	G	570	                Klebsiella
  0.01	1	0	G1	3390273	                  Klebsiella pneumoniae complex
  0.01	1	1	S	573	                    Klebsiella pneumoniae
  0.01	1	0	F	1903411	              Yersiniaceae
  0.01	1	1	G	629	                Yersinia
  0.01	1	0	O	135623	            Vibrionales
  0.01	1	0	F	641	              Vibrionaceae
  0.01	1	0	G	662	                Vibrio
  0.01	1	1	S	1328770	                  Vibrio cortegadensis
  0.05	4	0	C	28216	          Betaproteobacteria
  0.05	4	0	O	80840	            Burkholderiales
  0.04	3	0	F	75682	              Oxalobacteraceae
  0.04	3	0	G	29580	                Janthinobacterium
  0.04	3	0	S	55508	                  Janthinobacterium agaricidamnosum
  0.04	3	3	S1	1349767	                    Janthinobacterium agaricidamnosum NBRC 102515 = DSM 9628
  0.01	1	0	F	80864	              Comamonadaceae
  0.01	1	0	G	12916	                Acidovorax
  0.01	1	0	G1	2684926	                  unclassified Acidovorax
  0.01	1	1	S	3273430	                    Acidovorax sp. BLS4
  0.01	1	0	C	28211	          Alphaproteobacteria
  0.01	1	0	O	356	            Hyphomicrobiales
  0.01	1	0	F	69277	              Phyllobacteriaceae
  0.01	1	1	G	245876	                Nitratireductor
  0.01	1	0	P	29547	        Campylobacterota
  0.01	1	0	C	3031852	          Epsilonproteobacteria
  0.01	1	0	O	213849	            Campylobacterales
  0.01	1	0	F	72293	              Helicobacteraceae
  0.01	1	0	G	209	                Helicobacter
  0.01	1	1	S	210	                  Helicobacter pylori
  0.01	1	0	P	57723	        Acidobacteriota
  0.01	1	0	C	204432	          Terriglobia
  0.01	1	0	O	332160	            Bryobacterales
  0.01	1	0	F	1962910	              Bryobacteraceae
  0.01	1	0	G	1649475	                Paludibaculum
  0.01	1	1	S	1473598	                  Paludibaculum fermentans
 24.72	2054	16	D	2759	    Eukaryota
 24.31	2020	0	D1	33154	      Opisthokonta
 24.21	2011	4	K	4751	        Fungi
 24.07	2000	7	K1	451864	          Dikarya
 18.37	1526	28	P	5204	            Basidiomycota
 14.87	1235	0	P1	5302	              Agaricomycotina
 12.28	1020	5	C	155616	                Tremellomycetes
 12.19	1013	0	O	5234	                  Tremellales
 12.19	1013	0	F	1884633	                    Cryptococcaceae
 12.07	1003	14	G	490731	                      Kwoniella
 11.82	982	982	S	1268659	                        Kwoniella botswanensis
  0.04	3	0	S	324769	                        Kwoniella bestiolae
  0.04	3	3	S1	1296100	                          Kwoniella bestiolae CBS 10118
  0.01	1	0	S	324770	                        Kwoniella dejecticola
  0.01	1	1	S1	1296121	                          Kwoniella dejecticola CBS 10117
  0.01	1	0	S	453459	                        Kwoniella pini
  0.01	1	1	S1	1296096	                          Kwoniella pini CBS 10737
  0.01	1	0	S	463800	                        Kwoniella mangrovensis
  0.01	1	1	S1	1296122	                          Kwoniella mangroviensis CBS 8507
  0.01	1	1	S	1734106	                        Kwoniella shandongensis
  0.12	10	8	G	5206	                      Cryptococcus
  0.02	2	0	G1	1884637	                        Cryptococcus gattii species complex
  0.01	1	0	S	37769	                          Cryptococcus gattii
  0.01	1	1	S1	367775	                            Cryptococcus gattii WM276
  0.01	1	0	S	1859096	                          Cryptococcus deuterogattii
  0.01	1	1	S1	294750	                            Cryptococcus deuterogattii R265
  0.02	2	0	O	1851469	                  Trichosporonales
  0.02	2	0	F	1759442	                    Trichosporonaceae
  0.02	2	0	G	1851468	                      Vanrija
  0.02	2	2	S	143232	                        Vanrija pseudolonga
  2.59	215	1	C	155619	                Agaricomycetes
  2.52	209	0	C1	452333	                  Agaricomycetidae
  2.52	209	11	O	5338	                    Agaricales
  1.93	160	0	O1	2982305	                      Agaricineae
  1.93	160	0	F	40562	                        Strophariaceae
  1.93	160	0	G	71950	                          Psilocybe
  1.93	160	160	S	181762	                            Psilocybe cubensis
  0.46	38	0	O1	2982316	                      Marasmiineae
  0.46	38	0	F	654128	                        Marasmiaceae
  0.46	38	0	G	34448	                          Marasmius
  0.46	38	38	S	181124	                            Marasmius oreades
  0.06	5	0	C1	355688	                  Agaricomycetes incertae sedis
  0.06	5	0	O	36064	                    Cantharellales
  0.06	5	0	F	5250	                      Ceratobasidiaceae
  0.06	5	0	G	1322061	                        Rhizoctonia
  0.06	5	5	S	456999	                          Rhizoctonia solani
  3.11	258	0	P1	452284	              Ustilaginomycotina
  3.11	258	0	C	1538075	                Malasseziomycetes
  3.11	258	0	O	162474	                  Malasseziales
  3.11	258	0	F	742845	                    Malasseziaceae
  3.11	258	251	G	55193	                      Malassezia
  0.08	7	7	S	223818	                        Malassezia japonica
  0.06	5	0	P1	29000	              Pucciniomycotina
  0.06	5	0	C	162484	                Pucciniomycetes
  0.06	5	0	O	5258	                  Pucciniales
  0.06	5	0	F	5262	                    Pucciniaceae
  0.06	5	0	G	5296	                      Puccinia
  0.06	5	0	S	27350	                        Puccinia striiformis
  0.06	5	5	S1	168172	                          Puccinia striiformis f. sp. tritici
  5.62	467	0	P	4890	            Ascomycota
  5.56	462	7	P1	716545	              saccharomyceta
  4.45	370	0	P2	147538	                Pezizomycotina
  4.45	370	10	P3	716546	                  leotiomyceta
  4.08	339	92	P4	715989	                    sordariomyceta
  2.24	186	11	C	147550	                      Sordariomycetes
  1.13	94	0	C1	222544	                        Sordariomycetidae
  1.13	94	0	O	5139	                          Sordariales
  1.13	94	0	F	2609812	                            Podosporaceae
  1.13	94	91	G	5144	                              Podospora
  0.04	3	3	S	2093779	                                Podospora pseudocomata
  0.97	81	0	C1	222543	                        Hypocreomycetidae
  0.97	81	11	O	5125	                          Hypocreales
  0.83	69	0	F	110618	                            Nectriaceae
  0.83	69	0	G	5506	                              Fusarium
  0.77	64	62	G1	569360	                                Fusarium sambucinum species complex
  0.02	2	2	S	36050	                                  Fusarium poae
  0.04	3	3	G1	232080	                                Fusarium solani species complex
  0.02	2	2	S	1042133	                                Fusarium musae
  0.01	1	0	F	34397	                            Clavicipitaceae
  0.01	1	0	G	5529	                              Metarhizium
  0.01	1	1	S	500148	                                Metarhizium brunneum
  0.73	61	0	C	147548	                      Leotiomycetes
  0.73	61	0	O	5178	                        Helotiales
  0.73	61	0	F	28983	                          Sclerotiniaceae
  0.73	61	0	G	33196	                            Botrytis
  0.73	61	0	S	40559	                              Botrytis cinerea
  0.73	61	61	S1	332648	                                Botrytis cinerea B05.10
  0.23	19	0	P4	715962	                    dothideomyceta
  0.23	19	3	C	147541	                      Dothideomycetes
  0.12	10	0	C1	451867	                        Dothideomycetidae
  0.12	10	0	O	2726947	                          Mycosphaerellales
  0.12	10	1	F	93133	                            Mycosphaerellaceae
  0.11	9	0	G	29002	                              Cercospora
  0.11	9	9	S	122368	                                Cercospora beticola
  0.07	6	0	C1	451868	                        Pleosporomycetidae
  0.07	6	0	O	92860	                          Pleosporales
  0.07	6	0	O1	715340	                            Pleosporineae
  0.06	5	0	F	28556	                              Pleosporaceae
  0.06	5	0	G	5027	                                Pyrenophora
  0.06	5	5	S	45151	                                  Pyrenophora tritici-repentis
  0.01	1	0	F	683158	                              Didymellaceae
  0.01	1	0	G	5453	                                Ascochyta
  0.01	1	1	S	5454	                                  Ascochyta rabiei
  0.02	2	0	C	147545	                    Eurotiomycetes
  0.02	2	0	C1	451871	                      Eurotiomycetidae
  0.02	2	1	O	5042	                        Eurotiales
  0.01	1	0	F	28568	                          Trichocomaceae
  0.01	1	0	G	5094	                            Talaromyces
  0.01	1	0	G1	2752537	                              Talaromyces sect. Talaromyces
  0.01	1	1	S	37727	                                Talaromyces marneffei
  1.02	85	2	P2	147537	                Saccharomycotina
  0.54	45	0	C	4891	                  Saccharomycetes
  0.53	44	0	O	4892	                    Saccharomycetales
  0.53	44	5	F	4893	                      Saccharomycetaceae
  0.08	7	0	G	4953	                        Zygosaccharomyces
  0.08	7	7	S	4956	                          Zygosaccharomyces rouxii
  0.08	7	0	G	33170	                        Eremothecium
  0.08	7	0	S	33169	                          Eremothecium gossypii
  0.08	7	7	S1	284811	                            Eremothecium gossypii ATCC 10895
  0.06	5	1	G	4930	                        Saccharomyces
  0.05	4	0	S	114524	                          Saccharomyces kudriavzevii
  0.05	4	4	S1	226230	                            Saccharomyces kudriavzevii IFO 1802
  0.06	5	0	G	374468	                        Nakaseomyces
  0.06	5	5	S	5478	                          Nakaseomyces glabratus
  0.06	5	0	G	1196389	                        Zygotorulaspora
  0.06	5	5	S	42260	                          Zygotorulaspora mrakii
  0.04	3	0	G	71245	                        Kazachstania
  0.04	3	0	S	432096	                          Kazachstania africana
  0.04	3	3	S1	1071382	                            Kazachstania africana CBS 2517
  0.02	2	0	G	113604	                        Tetrapisispora
  0.02	2	0	S	113608	                          Tetrapisispora phaffii
  0.02	2	2	S1	1071381	                            Tetrapisispora phaffii CBS 4417
  0.02	2	0	G	278028	                        Naumovozyma
  0.02	2	0	S	27289	                          Naumovozyma dairenensis
  0.02	2	2	S1	1071378	                            Naumovozyma dairenensis CBS 421
  0.02	2	0	G	3163251	                        Huiozyma
  0.02	2	0	S	588726	                          Huiozyma naganishii
  0.02	2	2	S1	1071383	                            Huiozyma naganishii CBS 8797
  0.01	1	0	G	3163253	                        Henningerozyma
  0.01	1	0	S	1071379	                          Henningerozyma blattae
  0.01	1	1	S1	1071380	                            Henningerozyma blattae CBS 6284
  0.01	1	0	O	3243779	                    Saccharomycodales
  0.01	1	0	F	34365	                      Saccharomycodaceae
  0.01	1	0	G	36034	                        Saccharomycodes
  0.01	1	1	S	36035	                          Saccharomycodes ludwigii
  0.45	37	1	C	3239874	                  Pichiomycetes
  0.40	33	8	O	2916678	                    Serinales
  0.29	24	0	F	27319	                      Metschnikowiaceae
  0.23	19	0	G	3303203	                        Candidozyma
  0.23	19	19	S	498019	                          Candidozyma auris
  0.06	5	0	G	3300567	                        Australozyma
  0.06	5	5	S	291208	                          Australozyma saopauloensis
  0.01	1	0	F	766764	                      Debaryomycetaceae
  0.01	1	0	F1	1535325	                        Candida/Lodderomyces clade
  0.01	1	0	G	36913	                          Lodderomyces
  0.01	1	1	S	1775926	                            Lodderomyces beijingensis
  0.04	3	0	O	3243775	                    Pichiales
  0.04	3	1	F	1156497	                      Pichiaceae
  0.02	2	2	G	13366	                        Brettanomyces
  0.01	1	0	C	3239873	                  Dipodascomycetes
  0.01	1	0	O	3243772	                    Dipodascales
  0.01	1	0	F	410830	                      Trichomonascaceae
  0.01	1	0	G	410829	                        Sugiyamaella
  0.01	1	1	S	796027	                          Sugiyamaella lignohabitans
  0.06	5	0	P1	451866	              Taphrinomycotina
  0.06	5	0	C	147554	                Schizosaccharomycetes
  0.06	5	0	O	34346	                  Schizosaccharomycetales
  0.06	5	0	F	4894	                    Schizosaccharomycetaceae
  0.06	5	0	G	4895	                      Schizosaccharomyces
  0.06	5	5	S	2545709	                        Schizosaccharomyces osmophilus
  0.08	7	0	K1	112252	          Fungi incertae sedis
  0.08	7	0	P	1913637	            Mucoromycota
  0.08	7	0	P1	214504	              Glomeromycotina
  0.08	7	0	C	214506	                Glomeromycetes
  0.08	7	0	O	36750	                  Glomerales
  0.08	7	0	F	36751	                    Glomeraceae
  0.08	7	0	G	1129544	                      Rhizophagus
  0.08	7	7	S	588596	                        Rhizophagus irregularis
  0.11	9	0	K	33208	        Metazoa
  0.11	9	0	K1	6072	          Eumetazoa
  0.11	9	0	K2	33213	            Bilateria
  0.11	9	0	K3	33511	              Deuterostomia
  0.11	9	0	P	7711	                Chordata
  0.11	9	0	P1	89593	                  Craniata
  0.11	9	0	P2	7742	                    Vertebrata
  0.11	9	0	P3	7776	                      Gnathostomata
  0.11	9	0	P4	117570	                        Teleostomi
  0.11	9	0	P5	117571	                          Euteleostomi
  0.11	9	0	P6	8287	                            Sarcopterygii
  0.11	9	0	P7	1338369	                              Dipnotetrapodomorpha
  0.11	9	0	P8	32523	                                Tetrapoda
  0.11	9	0	P9	32524	                                  Amniota
  0.11	9	0	C	40674	                                    Mammalia
  0.11	9	0	C1	32525	                                      Theria
  0.11	9	0	C2	9347	                                        Eutheria
  0.11	9	0	C3	1437010	                                          Boreoeutheria
  0.11	9	0	C4	314146	                                            Euarchontoglires
  0.11	9	0	O	9443	                                              Primates
  0.11	9	0	O1	376913	                                                Haplorrhini
  0.11	9	0	O2	314293	                                                  Simiiformes
  0.11	9	0	O3	9526	                                                    Catarrhini
  0.11	9	0	O4	314295	                                                      Hominoidea
  0.11	9	0	F	9604	                                                        Hominidae
  0.11	9	0	F1	207598	                                                          Homininae
  0.11	9	0	G	9605	                                                            Homo
  0.11	9	9	S	9606	                                                              Homo sapiens
  0.19	16	0	D1	2698737	      Sar
  0.10	8	0	D2	33630	        Alveolata
  0.10	8	0	P	5794	          Apicomplexa
  0.10	8	0	C	1280412	            Conoidasida
  0.10	8	0	C1	5796	              Coccidia
  0.10	8	0	O	75739	                Eucoccidiorida
  0.10	8	0	O1	423054	                  Eimeriorina
  0.07	6	0	F	5809	                    Sarcocystidae
  0.07	6	0	G	5810	                      Toxoplasma
  0.07	6	0	S	5811	                        Toxoplasma gondii
  0.07	6	6	S1	508771	                          Toxoplasma gondii ME49
  0.02	2	0	F	35082	                    Cryptosporidiidae
  0.02	2	0	G	5806	                      Cryptosporidium
  0.02	2	0	S	5807	                        Cryptosporidium parvum
  0.02	2	2	S1	353152	                          Cryptosporidium parvum Iowa II
  0.10	8	0	D2	33634	        Stramenopiles
  0.10	8	0	D3	2696291	          Ochrophyta
  0.10	8	0	P	2836	            Bacillariophyta
  0.10	8	0	C	33836	              Coscinodiscophyceae
  0.10	8	0	C1	33846	                Thalassiosirophycidae
  0.10	8	0	O	33847	                  Thalassiosirales
  0.10	8	0	F	29202	                    Thalassiosiraceae
  0.10	8	0	G	35127	                      Thalassiosira
  0.10	8	0	S	35128	                        Thalassiosira pseudonana
  0.10	8	8	S1	296543	                          Thalassiosira pseudonana CCMP1335
  0.02	2	0	D1	554915	      Amoebozoa
  0.02	2	0	P	2605435	        Evosea
  0.02	2	0	C	142796	          Eumycetozoa
  0.02	2	0	C1	33083	            Dictyostelia
  0.02	2	0	O	2058949	              Dictyosteliales
  0.02	2	0	F	2058185	                Dictyosteliaceae
  0.02	2	0	G	5782	                  Dictyostelium
  0.02	2	0	S	44689	                    Dictyostelium discoideum
  0.02	2	2	S1	352472	                      Dictyostelium discoideum AX4
