01b2594b-64d7-4cb9-a5a0-9bfe3a2d59c9	1072
0383412a-2a55-4131-8245-a3a68e488291	1990
04a69fa7-506d-4d7c-9b77-f1283c86eb6c	939
054c7c8e-e244-4ed7-bc60-18ef08d7d8c6	1102
0565af15-8663-4995-b871-0596f0451abc	1176
0d80bb44-8f58-46c3-b29d-7e3f6c3abfaf	1002
0d8dec51-00e4-478d-b826-0f27d9790683	1019
14e17b66-27b3-4e22-a0ac-3497cd49c6ed	848
162d89c4-2bd1-4813-a511-5a54c5c14faa	1004
167a4fc6-76ac-44e5-a7be-243abfb71e67	1022
19533139-2bef-4147-aa91-180634950de5	1176
19f631aa-910a-4850-a1f1-b750fdeded76	974
1d8152a6-2b6f-46df-b719-a4587ce17a95	1000
1df72329-e5e3-4811-8893-8fc24df7a404	994
239fe219-76d4-499f-80e5-34a2cae65eb8	1026
25611fb1-61a9-41d5-bf45-0b6ba81ef34c	997
28aa287b-1f75-41fd-9ebc-b079767e78db	996
2929f7e6-4035-4de4-9fd2-1d4cfd16ea42	998
2f41dc35-06cd-4a50-ad53-0dfef64559c3	996
337a218a-13c8-450e-8be5-928fa773042d	968
39c82916-1379-45b9-9fa9-3cc5847ea23e	925
3ba0dc60-ebed-40dd-a9e6-2692d05f62e3	990
3d295fa3-76c2-4562-9710-9d5d707b2f79	1002
3e46d9bf-e6c8-4843-b3f2-e0de883d81e8	997
3ed8bb9d-afd2-4a18-bd5c-ffacb9a30dc6	1000
4adb9627-2b8e-4dd0-a421-30e06ecbdfd4	1005
4d15c63c-16a4-4102-8e4f-a68d11f3d1ef	997
4d1f5c68-cd1d-4ca2-b6e6-c81fe1eda2ee	1002
4dc4a4cc-4524-4b9e-b8e4-8bc1d32c3e9a	1001
5626d49e-73a9-4515-b64d-59c2169b48a4	1000
56a73079-fecd-4309-96fe-81bab66a2fba	999
5afc7b57-54de-4af4-9105-ecf19b3cb2a4	823
608e0194-da7d-432d-95fe-63cbde90eb37	1000
613fa9e2-b028-4a78-892e-057a313aa5e0	1023
6a27d8f8-53f6-4651-b46b-a9922e58e0ca	965
6cff3902-aa50-465b-8c65-ce3442372f3a	998
6d8ad699-c016-47a1-b450-98bc74c38b53	956
6fce62e9-3dcf-4fb5-b183-27b04042c2c7	1006
71713d8a-3882-4c05-8e89-e56335eaac7b	942
72dd4baa-65a5-47bc-af5c-2681396c8a71	997
776fddd0-b45d-4697-8bb7-d5f47ab86f37	1179
7cfd23c0-1e4e-43e0-8adc-5733e0561f97	1021
882c9d08-6f0c-4300-9f30-fe078c4466f1	999
8a21949a-ad58-4919-95cd-4eb399cfa515	1001
8f81c609-3f29-49dc-a15b-9208b0e0f147	995
96b6a57b-8417-4d07-af21-15c3be725795	1002
99080ac9-eb3c-47e4-962b-0b02a7cf5ab6	998
9ea5c3e4-6b27-4ef6-8410-ad6adde19fb2	1034
9f87fd96-8511-4f95-b514-f026fc5335b1	1030
a4bad1cf-2ca0-4113-9b95-a1008d344353	992
a5605997-2262-491e-a88c-f387a7f323e5	993
a58bbe97-1b2c-4f26-a461-1e84eb9aaa9b	1171
a8ef2a77-00d3-4747-bad3-b7a012eb04ff	1015
a9753547-b54f-4c33-a873-126756211293	995
aa30edaa-da17-4893-8814-8d84e61e613a	987
aa716625-6864-4f48-b26f-118291fe85da	987
aaee00d8-fa42-47b9-95f9-6231ab8fb6f1	1013
b0897dd2-15af-41f5-8a4b-e171d38ee709	1018
b3647a72-b85f-44bc-bccf-009f9e156efd	1179
b44786d0-085b-46bf-ad6a-6ad388e79bd8	992
b8f9d25f-46d8-4b7d-89bb-e093770f4511	2286
ba0732fb-f3b9-4b3a-9f2e-993be6252b37	996
ba58dbf8-fc88-4bbd-97e8-401e4c194af2	1004
ba6b240e-c920-46c7-bdf7-cda86ff68f73	1189
bba90bb2-39d0-4020-b48e-b8f6c20fcf9f	1179
bdc7936a-5d3a-4aa5-b9e4-d16c44a223a7	995
be7ad689-55ad-443d-a09b-6f22bb32b43e	1002
bfc56f92-35b7-4e95-989a-57124d764d91	615
c102bd30-49c9-4ba3-a961-a5226f06c931	1001
c1d787f7-334b-4978-bda8-66cec38132dd	1009
c8ffa317-6c4e-4cf4-b4fe-aab3ac193c1a	997
cbb3e1c0-750b-4f0e-9b6e-3b4c7d5562ee	973
ccea5309-1815-4a3a-af91-ccbb5ab98167	995
d3075da8-4f83-46cd-9b1d-ce822458d193	1003
d394559d-30bd-4ca9-96a7-6ac926b45f8b	1001
d5c83ee4-af26-45e1-b2ce-8dcdcf57c320	998
d747342c-a9a0-425c-985c-d0e09c34d0fc	1037
ddcb5061-276a-4d76-bda5-7e655f5e415a	1000
e3381a6f-1869-4116-b7a4-f7b6075e4436	1184
e3ffbab0-17a2-4807-93fc-a73331d81280	1184
e72e9588-b074-41ff-9360-fcb53fc07d15	998
e943588e-57c3-427d-816c-bdf113d0d82c	1002
ebfbc588-1108-41b1-a5b7-e9be48449ff5	995
f04c30c8-15d8-41da-9812-ee6259d55d11	999
f0cb15ba-5867-42d5-88f0-42cc2a25e0ea	1004
f4b45501-a8e6-4a8e-b1dd-80fc9f627f78	1009
f67581c3-4205-4d1e-be19-6ae85ff24abe	1017
f79ec43b-b2b1-492f-a508-ccfeaa94cda8	978
f95dbd75-69c5-4321-991d-1d3dd9c50769	990
fae829f6-b742-4af1-a92e-f1723b228361	1005
fb71d674-2625-4890-9970-16d8873ab322	997
