file	format	type	num_seqs	sum_len	min_len	avg_len	max_len	Q1	Q2	Q3	sum_gap	N50	N50_num	Q20(%)	Q30(%)	AvgQual	GC(%)	sum_n
barcode01.fastq.gz	FASTQ	DNA	17494	21110047	500	1206.7	2500	1003	1298	1305	0	1300	565	83	68	17.72	61.82	0
barcode02.fastq.gz	FASTQ	DNA	15926	15274386	504	959.1	2318	895	900	1041	0	903	411	87	75	18.78	45.03	0
barcode03.fastq.gz	FASTQ	DNA	16225	15529719	500	957.1	2129	899	907	1038	0	912	349	87	75	18.95	46.32	0
barcode04.fastq.gz	FASTQ	DNA	91	97445	647	1070.8	2286	1027	1033	1060	0	1034	32	86	75	18.30	46.73	0
barcode05.fastq.gz	FASTQ	DNA	28412	27294831	500	960.7	2362	907	912	1003	0	914	463	87	75	18.91	47.62	0
barcode06.fastq.gz	FASTQ	DNA	22477	22304034	500	992.3	2426	988	994	1011	0	995	503	85	71	17.98	52.50	0
barcode07.fastq.gz	FASTQ	DNA	4	4525	508	1131.3	2223	635	897	1628	0	1032	2	80	68	16.70	56.07	0
barcode08.fastq.gz	FASTQ	DNA	52423	55700426	500	1062.5	2498	992	1008	1020	0	1010	725	86	73	18.56	56.06	0
barcode09.fastq.gz	FASTQ	DNA	9417	8999428	512	955.7	2399	895	900	998	0	902	303	87	75	18.88	45.26	0
barcode10.fastq.gz	FASTQ	DNA	11993	11457636	501	955.4	2139	897	903	1006	0	906	343	87	75	18.85	45.62	0
barcode11.fastq.gz	FASTQ	DNA	28756	32011453	500	1113.2	2500	984	990	1289	0	994	974	83	68	17.80	62.50	0
barcode12.fastq.gz	FASTQ	DNA	13074	12993454	500	993.8	2483	886	976	1042	0	984	489	84	69	17.95	60.65	0
barcode13.fastq.gz	FASTQ	DNA	15949	16012170	501	1004.0	2189	988	992	995	0	992	290	87	76	18.97	45.35	0
barcode14.fastq.gz	FASTQ	DNA	1407	1508403	520	1072.1	2389	1036	1052	1065	0	1052	143	86	73	18.37	49.76	0
barcode17.fastq.gz	FASTQ	DNA	3438	3353301	515	975.4	2143	903	936	1045	0	973	211	86	74	18.60	50.09	0
barcode18.fastq.gz	FASTQ	DNA	4	4220	540	1055.0	1881	656	900	1454	0	1028	2	81	65	16.76	42.63	0
barcode19.fastq.gz	FASTQ	DNA	18000	17151987	501	952.9	2493	898	905	1020	0	909	390	87	76	19.00	46.11	0
barcode20.fastq.gz	FASTQ	DNA	23918	25064123	507	1047.9	2491	918	993	1168	0	997	607	86	74	18.59	48.90	0
barcode21.fastq.gz	FASTQ	DNA	28203	29588333	500	1049.1	2498	919	994	1169	0	999	611	86	74	18.55	48.89	0
barcode22.fastq.gz	FASTQ	DNA	13817	13902371	502	1006.2	2315	988	992	996	0	992	281	87	75	18.97	46.68	0
barcode23.fastq.gz	FASTQ	DNA	21615	22132074	503	1023.9	2473	989	993	1000	0	993	566	86	74	18.60	47.89	0
barcode24.fastq.gz	FASTQ	DNA	13613	13647204	502	1002.5	2308	988	991	994	0	991	225	87	76	19.01	45.23	0
unclassified.fastq.gz	FASTQ	DNA	4392	4666883	500	1062.6	2491	965	1008	1080	0	1018	533	79	64	15.55	50.77	0
