C	consensus_barcode04_0_0(10)	544580	982	0:9 131567:1 0:16 131567:5 0:51 131567:4 0:16 131567:4 0:63 131567:5 0:8 131567:2 0:7 131567:4 0:14 131567:4 0:19 131567:8 0:7 131567:5 0:19 131567:4 0:6 131567:4 0:63 131567:4 0:19 131567:1 0:11 131567:1 0:13 131567:1 0:7 131567:2 0:10 131567:1 0:26 131567:2 0:16 131567:1 0:46 131567:5 0:4 131567:5 0:2 131567:5 0:12 131567:5 0:1 131567:4 0:16 131567:5 0:6 131567:5 0:17 131567:8 0:1 131567:11 0:12 131567:3 0:33 544580:5 0:2 544580:5 0:4 544580:2 0:3 544580:1 0:19 131567:1 0:13 131567:1 0:70 131567:5 0:1 131567:5 0:4 131567:4 0:48 131567:2 0:58 131567:1 0:25
C	0	544580	983	0:102 131567:4 0:63 131567:5 0:8 131567:2 0:7 131567:4 0:14 131567:4 0:19 131567:8 0:7 131567:5 0:19 131567:4 0:6 131567:4 0:62 131567:4 0:19 131567:1 0:11 131567:1 0:13 131567:1 0:7 131567:2 0:10 131567:1 0:92 131567:5 0:4 131567:5 0:2 131567:5 0:12 131567:5 0:1 131567:4 0:16 131567:5 0:6 131567:5 0:51 131567:1 0:33 544580:5 0:2 544580:5 0:4 544580:2 0:3 544580:1 0:19 131567:1 0:13 131567:1 0:70 131567:5 0:1 131567:5 0:4 131567:4 0:48 131567:2 0:85
C	1	181762	1006	0:225 181762:5 0:34 131567:3 0:15 131567:5 0:9 131567:2 0:12 131567:2 0:18 131567:4 0:35 131567:9 0:1 131567:9 0:58 5338:3 0:21 456999:2 0:138 131567:1 0:3 131567:5 0:3 131567:5 0:19 131567:4 0:12 1349767:1 0:309
C	2	544580	977	0:8 131567:1 0:16 131567:5 0:51 131567:4 0:16 131567:4 0:63 131567:5 0:8 131567:2 0:7 131567:4 0:14 131567:4 0:34 131567:4 0:19 131567:4 0:6 131567:4 0:63 131567:4 0:19 131567:1 0:11 131567:1 0:62 131567:2 0:16 131567:1 0:55 131567:5 0:2 131567:5 0:46 131567:5 0:81 544580:5 0:2 544580:5 0:4 544580:2 0:3 544580:1 0:19 131567:1 0:13 131567:1 0:69 131567:5 0:1 131567:5 0:4 131567:4 0:48 131567:2 0:58 131567:1 0:28
C	3	181762	999	0:220 181762:5 0:55 131567:5 0:9 131567:2 143232:1 0:31 131567:4 0:132 456999:2 0:138 131567:1 0:3 131567:5 0:3 131567:5 0:19 131567:4 0:12 1349767:1 0:270 5204:3 0:5 131567:3 0:27
C	4	544580	981	0:81 131567:4 0:16 131567:4 0:64 131567:5 0:8 131567:2 0:7 131567:4 0:14 131567:4 0:19 131567:8 0:7 131567:5 0:19 131567:4 0:6 131567:4 0:63 131567:4 0:19 131567:1 0:11 131567:1 0:13 131567:1 0:7 131567:2 0:10 131567:1 0:90 131567:5 0:4 131567:5 0:2 131567:5 0:12 131567:5 0:1 131567:4 0:16 131567:5 0:33 131567:5 0:1 131567:11 0:12 131567:3 0:33 544580:5 0:2 544580:5 0:4 544580:2 0:3 544580:1 0:19 131567:1 0:13 131567:1 0:70 131567:5 0:1 131567:5 0:4 131567:4 0:48 131567:2 0:58 131567:1 0:23
C	5	544580	987	0:82 131567:4 0:16 131567:4 0:70 131567:2 0:7 131567:4 0:14 131567:4 0:19 131567:8 0:7 131567:5 0:19 131567:4 0:6 131567:4 0:63 131567:4 0:19 131567:1 0:11 131567:1 0:13 131567:1 0:7 131567:2 0:10 131567:1 0:44 131567:1 0:46 131567:5 0:4 131567:5 0:2 131567:5 0:41 131567:5 0:33 131567:8 0:1 131567:11 0:12 131567:3 0:33 544580:5 0:2 544580:5 0:4 544580:2 0:3 544580:1 0:19 131567:1 0:13 131567:1 0:70 131567:5 0:1 131567:5 0:4 131567:4 0:48 131567:2 0:87
C	6	76775	1055	0:9 76775:5 0:14 76775:2 0:10 76775:5 0:60 76775:6 0:6 76775:1 0:9 76775:1 0:6 76775:2 0:106 55193:4 0:29 131567:2 0:12 131567:2 0:53 76775:2 0:46 76775:1 0:17 76775:1 0:11 55193:5 0:11 76775:5 0:5 76775:1 0:59 452284:7 0:44 55193:2 0:24 131567:1 0:3 131567:5 0:3 131567:5 0:16 55193:3 0:14 55193:5 76775:2 0:13 76775:2 0:9 76775:4 0:39 76775:5 0:30 76775:5 0:45 76775:1 0:35 76775:3 0:64 76775:10 0:3 76775:1 0:1 76775:1 0:10 76775:5 0:3 76775:5 0:3 76775:1 0:43 5204:2 0:8 131567:1 0:10 55193:1 0:16
C	8	544580	971	0:21 131567:1 0:58 131567:2 0:62 131567:5 0:70 131567:1 0:13 131567:1 0:19 544580:1 0:3 544580:2 0:4 544580:5 0:2 544580:5 0:90 131567:5 0:16 131567:4 0:1 131567:5 0:12 131567:5 0:2 131567:5 0:4 131567:5 0:153 131567:4 0:63 131567:4 0:6 131567:4 0:19 131567:5 0:7 131567:8 0:19 131567:4 0:98 131567:4 0:71 131567:5 0:16 131567:1 0:17
C	9	544580	978	0:9 131567:1 0:71 131567:4 0:16 131567:4 0:63 131567:5 0:8 131567:2 0:7 131567:4 0:14 131567:4 0:55 131567:4 0:6 131567:4 0:50 181124:5 0:32 131567:1 0:11 131567:1 0:13 131567:1 0:7 131567:2 0:10 131567:1 0:99 131567:5 0:19 131567:5 0:1 131567:4 0:16 131567:5 0:6 131567:5 0:17 131567:8 0:1 131567:11 0:12 131567:3 0:33 544580:5 0:2 544580:5 0:4 544580:2 0:3 544580:1 0:19 131567:1 0:13 131567:1 0:70 131567:5 0:1 131567:5 0:4 131567:4 0:48 131567:1 42260:5 0:14 42260:2 0:64
C	10	451864	965	0:3 131567:6 0:28 131567:3 0:5 5204:2 0:271 1349767:1 0:12 131567:4 0:19 131567:5 0:3 131567:5 0:3 131567:1 0:14 181124:5 0:118 456999:2 0:21 5338:3 0:58 131567:9 0:1 131567:9 0:35 131567:4 0:18 131567:2 0:23 131567:5 0:8 5125:5 0:2 5125:5 0:9 5144:2 0:202
C	11	544580	982	0:9 131567:1 0:16 131567:5 0:51 131567:4 0:16 131567:4 0:63 131567:5 0:8 131567:2 0:7 131567:4 0:14 131567:4 0:19 131567:8 0:7 131567:5 0:19 131567:4 0:6 131567:4 0:63 131567:4 0:19 131567:1 0:11 131567:1 0:13 131567:1 0:7 131567:2 0:10 131567:1 0:26 131567:2 0:16 131567:1 0:46 131567:5 0:4 131567:5 0:2 131567:5 0:39 131567:5 0:6 131567:5 0:17 131567:8 0:58 544580:5 0:2 544580:5 0:4 544580:2 0:3 544580:1 0:19 131567:1 0:13 131567:1 0:70 131567:5 0:1 131567:5 0:4 131567:4 0:48 131567:2 0:55 131567:4 0:26
C	12	5302	1160	0:7 181762:1 0:1 181762:5 0:230 131567:2 0:30 131567:5 0:26 131567:4 0:22 131567:5 0:8 131567:9 0:5 131567:5 0:58 5338:3 0:59 181124:1 0:100 131567:1 0:3 131567:5 0:3 131567:5 0:5 131567:1 0:10 131567:3 0:433 490731:1 0:13 490731:5 0:7 490731:3 0:42
C	13	544580	982	0:8 131567:1 0:16 131567:5 0:51 131567:4 0:16 131567:4 0:64 131567:5 0:8 131567:2 0:7 131567:4 0:14 131567:4 0:34 131567:4 0:19 131567:4 0:6 131567:4 0:63 131567:4 0:19 131567:1 0:45 131567:1 0:93 131567:2 0:4 131567:5 0:2 131567:5 0:12 131567:5 0:1 131567:4 0:16 131567:5 0:6 131567:5 0:17 131567:8 0:1 131567:11 0:12 131567:3 0:33 544580:5 0:2 544580:5 0:4 544580:2 0:3 544580:1 0:19 131567:1 0:13 131567:1 0:70 131567:5 0:1 131567:5 0:4 131567:4 0:48 131567:2 0:86
C	14	544580	984	0:21 131567:1 0:58 131567:2 0:48 131567:4 0:4 131567:5 0:1 131567:5 0:69 131567:1 0:13 131567:1 0:19 544580:1 0:3 544580:2 0:4 544580:5 0:2 544580:5 0:48 131567:8 0:39 131567:5 0:16 131567:4 0:1 131567:5 0:12 131567:5 0:2 131567:5 0:4 131567:2 0:68 131567:3 0:23 131567:1 0:10 131567:2 0:7 131567:1 0:13 131567:1 0:11 131567:1 0:87 131567:4 0:6 131567:4 0:19 131567:5 0:7 131567:8 0:19 131567:4 0:14 131567:4 0:7 131567:2 0:8 131567:5 0:64 131567:4 0:16 131567:4 0:51 131567:5 0:16 131567:1 0:15
C	15	544580	988	0:132 131567:4 0:4 131567:5 0:1 131567:5 0:70 131567:1 0:13 131567:1 0:19 544580:1 0:3 544580:2 0:4 544580:5 0:2 544580:5 0:36 131567:3 0:12 131567:6 0:41 131567:5 0:16 131567:4 0:1 131567:5 0:12 131567:5 0:2 131567:5 0:4 131567:5 0:46 131567:1 0:16 131567:2 0:26 131567:1 0:10 131567:2 0:7 131567:1 0:13 131567:1 0:11 131567:1 0:85 131567:4 0:6 131567:4 0:19 131567:5 0:7 131567:8 0:19 131567:4 0:14 131567:4 0:7 131567:2 0:8 131567:5 0:63 131567:4 0:16 131567:5 0:52 131567:5 0:16 131567:1 0:14
C	16	544580	986	0:21 131567:1 0:59 131567:2 0:48 131567:4 0:4 131567:5 0:1 131567:5 0:70 131567:1 0:13 131567:1 0:19 544580:1 0:3 544580:2 0:4 544580:5 0:2 544580:5 0:33 131567:3 0:12 131567:11 0:1 131567:8 0:17 131567:5 0:6 131567:5 0:16 131567:4 0:1 131567:5 0:12 131567:5 0:2 131567:5 0:4 131567:5 0:46 131567:1 0:16 131567:2 0:60 131567:1 0:11 131567:1 0:87 131567:4 0:6 131567:4 0:19 131567:5 0:7 131567:8 0:19 131567:4 0:14 131567:1 0:3 1071381:5 0:77 131567:4 0:111
C	18	181762	979	0:22 131567:3 0:5 5204:2 0:278 131567:3 0:10 131567:1 0:5 131567:5 0:3 131567:5 0:3 131567:1 0:137 456999:2 0:21 5338:3 0:58 131567:5 0:5 131567:9 0:8 131567:5 0:22 131567:4 0:18 131567:2 0:12 131567:2 0:9 131567:5 0:49 181762:1 0:3 181762:5 0:214
C	19	181762	983	0:27 5204:4 0:284 131567:4 0:173 456999:2 0:21 5338:3 0:58 131567:9 0:1 131567:9 0:35 131567:4 0:18 131567:2 0:12 131567:2 0:9 131567:5 0:53 181762:5 0:209
C	20	181762	971	0:22 131567:3 0:5 5204:2 0:276 131567:3 0:10 131567:1 0:158 456999:2 0:21 5338:3 0:91 181124:3 0:19 131567:4 0:18 131567:2 0:12 131567:2 0:9 131567:5 0:49 181762:1 0:3 181762:5 0:94 181124:2 0:112
C	21	5338	987	0:31 5204:2 0:278 131567:4 0:19 131567:5 0:3 131567:5 0:145 456999:2 0:21 5338:3 0:58 131567:9 0:1 131567:9 0:35 131567:4 0:319
C	23	544580	984	0:82 131567:4 0:16 131567:4 0:63 131567:5 0:8 131567:2 0:7 131567:4 0:14 131567:4 0:19 131567:8 0:7 131567:5 0:19 131567:4 0:6 131567:4 0:63 131567:4 0:21 131567:3 0:31 131567:2 0:10 131567:1 0:26 131567:2 0:64 131567:5 0:4 131567:5 0:2 131567:5 0:12 131567:5 0:1 131567:4 0:16 131567:5 0:6 131567:5 0:17 131567:8 0:1 131567:11 0:12 131567:5 0:32 544580:5 0:2 544580:5 0:4 544580:2 0:3 544580:1 0:19 131567:1 0:13 131567:1 0:71 131567:5 0:1 131567:5 0:4 131567:4 0:48 131567:2 0:58 131567:1 0:22
C	24	544580	979	0:21 131567:1 0:58 131567:2 0:48 131567:4 0:4 131567:5 0:1 131567:5 0:66 131567:1 0:13 131567:1 0:19 544580:1 0:3 544580:2 0:4 544580:5 0:2 544580:5 0:83 131567:5 0:6 131567:5 0:16 131567:4 0:1 131567:5 0:12 131567:5 0:2 131567:5 0:4 131567:5 0:125 131567:1 0:11 131567:1 0:91 131567:4 0:6 131567:4 0:19 131567:5 0:7 131567:8 0:19 131567:4 0:14 131567:4 0:7 131567:2 0:8 131567:5 0:63 131567:4 0:16 131567:4 0:51 131567:5 0:16 131567:1 0:11
C	25	5338	832	0:22 131567:3 0:5 5204:2 0:269 1349767:1 0:12 131567:4 0:175 456999:2 0:21 5338:3 0:58 131567:9 0:1 131567:9 0:202
C	26	181762	1168	0:49 490731:5 0:13 490731:1 0:432 131567:3 0:10 131567:1 0:5 131567:5 0:3 131567:5 0:3 131567:1 0:106 181124:1 0:59 5338:3 0:58 131567:5 0:27 296543:2 0:19 131567:4 0:26 131567:5 0:30 131567:2 0:232 181762:5 0:1 181762:1 0:12
C	27	181762	1013	0:238 181762:5 0:219 5338:3 0:21 456999:2 0:134 131567:1 0:3 131567:5 0:3 131567:5 0:19 131567:4 0:12 1349767:1 0:276 131567:3 0:25
C	28	544580	983	0:21 131567:1 0:37 42260:2 0:14 42260:5 131567:1 0:48 131567:4 0:4 131567:5 0:1 131567:5 0:70 131567:1 0:13 131567:1 0:19 544580:1 0:3 544580:2 0:4 544580:5 0:2 544580:5 0:45 131567:11 0:1 131567:8 0:17 131567:5 0:6 131567:5 0:16 131567:4 0:1 131567:5 0:12 131567:5 0:2 131567:5 0:4 131567:5 0:46 131567:1 0:16 131567:2 0:26 131567:1 0:10 131567:2 0:7 131567:1 0:13 131567:1 0:11 131567:1 0:19 131567:4 0:63 131567:4 0:6 131567:4 0:19 131567:5 0:7 131567:8 0:19 131567:4 0:14 131567:4 0:7 131567:2 0:8 131567:5 0:63 131567:4 0:16 131567:4 0:51 131567:5 0:16 131567:1 0:18
C	29	544580	981	0:8 131567:1 0:71 131567:4 0:16 131567:4 0:127 131567:7 0:7 131567:5 0:19 131567:4 0:6 131567:4 0:63 131567:4 0:19 131567:1 0:11 131567:1 0:13 131567:1 0:7 131567:2 0:10 131567:1 0:46 131567:1 0:106 131567:5 0:6 131567:5 0:17 131567:8 0:1 131567:11 0:48 544580:5 0:2 544580:5 0:4 544580:2 0:3 544580:1 0:19 131567:1 0:13 131567:1 0:70 131567:5 0:1 131567:5 0:4 131567:4 0:48 131567:1 42260:5 0:14 42260:3 0:35 131567:1 0:25
C	30	181124	982	0:201 181762:5 0:22 181124:5 0:6 181124:1 0:35 131567:1 0:12 131567:2 0:18 131567:4 0:112 5338:3 0:21 456999:2 0:136 131567:1 0:3 131567:5 0:3 131567:5 0:19 131567:4 0:12 1349767:1 0:271 5204:2 0:5 131567:3 0:28
C	31	544580	979	0:9 131567:1 0:90 131567:4 0:63 131567:5 0:8 131567:2 0:7 131567:4 0:14 131567:4 0:19 131567:8 0:7 131567:5 0:19 131567:4 0:6 131567:4 0:63 131567:4 0:89 131567:1 0:65 131567:5 0:4 131567:5 0:2 131567:5 0:37 131567:5 0:6 131567:5 0:47 131567:3 0:33 544580:5 0:2 544580:5 0:4 544580:2 0:3 544580:1 0:261
C	33	544580	984	0:9 131567:1 0:16 131567:5 0:51 131567:4 0:16 131567:4 0:63 131567:5 0:8 131567:2 0:7 131567:4 0:14 131567:4 0:19 131567:8 0:7 131567:5 0:19 131567:4 0:6 131567:4 0:63 131567:4 0:19 131567:1 0:11 131567:1 0:13 131567:1 0:7 131567:2 0:10 131567:1 0:26 131567:2 0:78 131567:5 0:12 131567:5 0:1 131567:4 0:16 131567:5 0:6 131567:5 0:17 131567:8 0:1 131567:11 0:48 544580:5 0:2 544580:5 0:4 544580:2 0:3 544580:1 0:19 131567:1 0:13 131567:1 0:136 131567:2 0:59 131567:1 0:28
C	35	544580	979	0:79 131567:2 0:48 131567:4 0:4 131567:5 0:1 131567:5 0:70 131567:1 0:13 131567:1 0:19 544580:1 0:3 544580:2 0:4 544580:5 0:2 544580:5 0:33 131567:3 0:12 131567:11 0:1 131567:8 0:17 131567:5 0:6 131567:5 0:16 131567:4 0:1 131567:5 0:12 131567:5 0:2 131567:5 0:4 131567:5 0:46 131567:1 0:16 131567:2 0:26 131567:1 0:10 131567:2 0:7 131567:1 0:13 131567:1 0:11 131567:1 0:19 131567:4 0:72 131567:4 0:19 131567:5 0:7 131567:8 0:19 131567:4 0:14 131567:4 0:7 131567:2 0:8 131567:5 0:63 131567:4 0:16 131567:4 0:85
C	36	181762	999	0:217 181762:5 0:53 131567:5 0:9 131567:2 0:12 131567:2 0:18 131567:4 0:35 131567:9 0:1 131567:9 0:58 5338:3 0:21 456999:2 0:139 131567:1 0:3 131567:5 0:3 131567:5 0:19 131567:4 0:12 1349767:1 0:273 5204:3 0:5 131567:3 0:24
C	38	500148	957	0:47 131567:1 0:287 500148:2 0:15 131567:1 0:5 131567:5 0:15 131567:5 0:17 131567:1 0:7 222543:1 0:51 121627:1 0:107 1159556:1 0:23 147550:5 0:91 131567:5 0:8 5125:5 0:2 5125:5 0:9 5144:2 0:143 578455:3 0:53
C	39	5302	1168	0:40 490731:3 0:7 490731:5 0:13 490731:1 0:436 131567:3 0:10 131567:1 0:5 131567:5 0:3 131567:5 0:3 131567:1 0:34 4751:2 0:125 5338:3 0:58 131567:5 0:5 131567:9 0:8 131567:5 0:51 131567:5 0:30 131567:2 0:233 181762:5 0:1 181762:1 0:11
C	40	181762	597	0:198 181762:5 0:3 181762:1 0:49 131567:5 0:9 131567:2 0:12 131567:2 0:18 131567:4 0:22 131567:3 0:86 5338:3 0:21 456999:2 0:118
C	41	544580	990	0:22 131567:1 0:16 131567:5 0:51 131567:4 0:16 131567:4 0:63 131567:5 0:58 131567:8 0:7 131567:5 0:19 131567:4 0:6 131567:4 0:64 131567:4 0:19 131567:1 0:11 131567:1 0:13 131567:1 0:7 131567:2 0:10 131567:1 0:26 131567:2 0:16 131567:1 0:79 131567:5 0:1 131567:4 0:51 131567:12 0:12 131567:3 0:33 544580:5 0:2 544580:5 0:4 544580:2 0:3 544580:1 0:19 131567:1 0:13 131567:1 0:70 131567:5 0:1 131567:5 0:4 131567:4 0:134
C	42	27319	645	0:119 27319:1 0:6 131567:5 0:2 2916678:5 0:66 1268659:3 0:74 131567:5 2235:1 0:79 131567:5 0:28 131567:1 0:16 131567:5 0:5 131567:1 0:184
C	43	544580	980	0:21 131567:1 0:58 131567:2 0:48 131567:5 0:80 131567:1 0:13 131567:1 0:19 544580:1 0:3 544580:2 0:4 544580:5 0:2 544580:5 0:33 131567:3 0:12 131567:11 0:1 131567:8 0:17 131567:5 0:6 131567:5 0:16 131567:4 0:1 131567:5 0:79 131567:1 0:16 131567:2 0:26 131567:1 0:10 131567:2 0:7 131567:1 0:21 226230:4 0:21 131567:4 0:63 131567:4 0:6 131567:4 0:19 131567:5 0:7 131567:8 0:19 131567:4 0:14 131567:4 0:7 131567:2 0:8 131567:5 0:84 131567:4 0:51 131567:5 0:16 131567:1 0:13
C	44	544580	979	0:20 131567:4 0:54 131567:2 0:48 131567:4 0:4 131567:5 0:1 131567:5 0:69 131567:1 0:13 131567:1 0:19 544580:1 0:3 544580:2 0:4 544580:5 0:2 544580:5 0:33 131567:3 0:12 131567:6 0:32 131567:5 0:6 131567:5 0:37 131567:5 0:2 131567:5 0:4 131567:5 0:46 131567:1 0:16 131567:2 0:26 131567:1 0:10 131567:2 0:7 131567:1 0:13 131567:1 0:11 131567:1 0:19 131567:4 0:62 131567:4 0:6 131567:4 0:19 131567:5 0:7 131567:8 0:19 131567:4 0:14 131567:4 0:7 131567:2 0:8 131567:5 0:63 131567:4 0:16 131567:4 0:51 131567:5 0:16 131567:1 0:14
C	45	544580	981	0:21 131567:1 0:57 131567:2 0:48 131567:4 0:4 131567:5 0:1 131567:5 0:70 131567:1 0:13 131567:1 0:19 544580:1 0:3 544580:2 0:4 544580:5 0:2 544580:5 0:33 131567:3 0:12 131567:11 0:1 131567:8 0:17 131567:5 0:31 131567:5 0:12 131567:5 0:2 131567:5 0:4 131567:5 0:64 131567:1 0:61 131567:1 0:11 131567:1 0:19 131567:4 0:63 131567:4 0:29 131567:5 0:7 131567:8 0:19 131567:4 0:14 131567:4 0:7 131567:2 0:8 131567:5 0:63 131567:4 0:16 131567:4 0:51 131567:5 0:30
C	46	544580	977	0:82 131567:4 0:16 131567:4 0:61 131567:5 0:8 131567:2 0:7 131567:4 0:14 131567:4 0:19 131567:8 0:7 131567:5 0:19 131567:4 0:6 131567:4 0:63 131567:4 0:19 131567:1 0:11 131567:1 0:13 131567:1 0:7 131567:2 0:10 131567:1 0:26 131567:2 0:16 131567:1 0:46 131567:5 0:4 131567:5 0:2 131567:5 0:46 131567:5 0:17 131567:8 0:60 544580:5 0:2 544580:5 0:4 544580:2 0:3 544580:1 0:19 131567:1 0:13 131567:1 0:69 131567:5 0:1 131567:5 0:4 131567:4 0:48 131567:2 0:58 131567:1 0:26
C	47	1220207	985	0:227 4751:5 0:66 1220207:5 0:226 2072407:1 0:33 131567:5 0:15 131567:5 0:308 131567:1 0:54
C	48	544580	985	0:81 131567:4 0:16 131567:4 0:63 131567:5 0:8 131567:2 0:7 131567:4 0:37 131567:7 0:7 131567:5 0:19 131567:4 0:6 131567:4 0:63 131567:4 0:19 131567:1 0:11 131567:1 0:13 131567:1 0:7 131567:2 0:10 131567:1 0:92 131567:5 0:36 131567:2 0:16 131567:5 0:6 131567:5 0:17 131567:8 0:1 131567:11 0:12 131567:3 0:33 544580:5 0:2 544580:5 0:4 544580:2 0:3 544580:1 0:19 131567:1 0:13 131567:1 0:70 131567:5 0:1 131567:5 0:4 131567:4 0:48 131567:2 0:58 131567:1 0:29
C	49	490731	1163	0:40 490731:3 0:7 490731:5 0:13 490731:1 0:433 131567:3 0:10 131567:1 0:5 131567:5 0:3 131567:5 0:3 131567:1 0:34 4751:2 0:62 181124:1 0:203 131567:5 0:30 131567:2 0:231 181762:5 0:1 181762:1 0:14
C	52	544580	985	0:21 131567:1 0:58 131567:2 0:48 131567:4 0:4 131567:5 0:1 131567:5 0:70 131567:1 0:13 131567:1 0:19 544580:1 0:3 544580:2 0:4 544580:5 0:2 544580:5 0:33 131567:3 0:12 131567:11 0:1 131567:8 0:17 131567:5 0:49 131567:5 0:2 131567:5 0:4 131567:5 0:90 131567:1 0:10 131567:2 0:7 131567:1 0:13 131567:1 0:11 131567:1 0:19 131567:4 0:64 131567:4 0:6 131567:4 0:19 131567:5 0:7 131567:8 0:19 131567:4 0:14 131567:4 0:7 131567:2 0:8 131567:5 0:63 131567:4 0:16 131567:4 0:51 131567:5 0:16 131567:1 0:16
C	54	490731	1176	0:260 131567:2 0:60 131567:4 0:22 131567:5 0:8 131567:9 0:5 131567:5 0:58 5338:3 0:59 181124:1 0:62 4751:2 0:34 131567:1 0:3 131567:5 0:3 131567:5 0:5 131567:1 0:10 131567:3 0:431 490731:1 0:13 490731:5 0:7 490731:3 0:47
C	55	131567	973	0:9 131567:1 0:16 131567:5 0:51 131567:4 0:16 131567:4 0:62 131567:5 0:8 131567:2 0:7 131567:4 0:14 131567:4 0:34 131567:4 0:19 131567:4 0:6 131567:4 0:63 131567:4 0:19 131567:1 0:25 131567:1 0:7 131567:2 0:10 131567:1 0:26 131567:2 0:16 131567:1 0:60 131567:2 0:86 131567:5 0:103 131567:8 0:47 131567:5 0:63 131567:4 0:66 131567:5 0:24
C	56	544580	991	0:85 131567:4 0:16 131567:4 0:64 131567:5 0:8 131567:2 0:7 131567:4 0:86 131567:5 0:64 131567:3 0:19 131567:1 0:11 131567:1 0:13 131567:1 0:7 131567:2 0:10 131567:1 0:26 131567:2 0:16 131567:1 0:46 131567:5 0:4 131567:5 0:2 131567:5 0:39 131567:5 0:6 131567:5 0:17 131567:8 0:1 131567:11 0:47 544580:5 0:2 544580:5 0:4 544580:2 0:3 544580:1 0:19 131567:1 0:13 131567:1 0:70 131567:5 0:1 131567:5 0:4 131567:4 0:48 131567:2 0:58 131567:1 0:29
C	57	181762	1001	0:220 181762:5 0:53 131567:5 0:9 131567:2 0:12 131567:2 0:18 131567:4 0:35 131567:9 0:1 131567:9 0:58 5338:3 0:21 456999:2 0:138 131567:1 0:3 131567:5 0:3 131567:5 0:19 131567:4 0:12 1349767:1 0:271 5204:2 0:5 131567:3 0:27
C	58	500148	958	0:47 131567:1 0:287 500148:2 0:41 131567:5 0:17 131567:1 0:7 222543:1 0:2 131567:5 0:1 716546:5 0:38 121627:1 0:107 1159556:1 0:23 147550:5 0:32 716546:1 0:58 131567:5 0:8 5125:5 0:2 5125:5 0:9 5144:2 0:200
C	59	544580	987	0:22 131567:1 0:58 131567:2 0:64 131567:5 0:69 131567:1 0:13 131567:1 0:34 544580:5 0:50 131567:11 0:1 131567:8 0:17 131567:5 0:6 131567:5 0:16 131567:4 0:1 131567:5 0:12 131567:5 0:2 131567:5 0:56 131567:1 0:16 131567:2 0:33 131567:5 0:7 131567:1 0:13 131567:1 0:11 131567:1 0:19 131567:4 0:71 498019:4 0:19 131567:5 0:7 131567:8 0:19 131567:4 0:14 131567:4 0:7 131567:2 0:8 131567:5 0:178
C	61	544580	977	0:6 131567:1 0:16 131567:5 0:51 131567:4 0:16 131567:4 0:63 131567:5 0:8 131567:2 0:7 131567:4 0:14 131567:4 0:19 131567:8 0:7 131567:5 0:19 131567:4 0:6 131567:4 0:63 131567:4 0:19 131567:1 0:11 131567:1 0:13 131567:1 0:7 131567:2 0:10 131567:1 0:26 131567:2 0:16 131567:1 0:113 131567:5 0:17 131567:8 0:1 131567:11 0:12 131567:3 0:33 544580:5 0:2 544580:5 0:4 544580:2 0:3 544580:1 0:19 131567:1 0:13 131567:1 0:70 131567:5 0:1 131567:5 0:4 131567:4 0:48 131567:2 0:58 131567:1 0:26
C	62	544580	986	0:124 131567:4 0:4 131567:5 0:1 131567:5 0:70 131567:1 0:13 131567:1 0:19 544580:1 0:3 544580:2 0:4 544580:5 0:2 544580:5 0:33 131567:3 0:12 131567:9 0:39 131567:5 0:16 131567:4 0:1 131567:5 0:12 131567:5 0:2 131567:5 0:4 131567:5 0:46 131567:1 0:16 131567:2 0:26 131567:1 0:10 131567:2 0:7 131567:1 0:13 131567:1 0:11 131567:1 0:19 131567:4 0:64 131567:4 0:6 131567:4 0:19 131567:5 0:7 131567:8 0:19 131567:4 0:35 131567:5 0:63 131567:4 0:16 131567:4 0:93 131567:1 0:1
C	63	716545	926	0:28 36035:2 0:172 796027:4 0:109 131567:5 0:16 131567:1 0:12 131567:4 0:5 131567:5 0:2 131567:5 0:4 131567:5 0:83 443226:5 0:11 131567:2 0:4 443226:2 0:116 131567:4 0:6 131567:4 0:19 131567:5 0:7 131567:8 0:19 131567:4 0:135 796027:3 0:76
C	64	490731	1155	0:243 131567:2 0:30 131567:2 0:29 131567:4 0:22 131567:5 0:8 131567:9 0:5 131567:5 0:58 5338:3 0:59 181124:1 0:61 4751:2 0:34 131567:1 0:3 131567:5 0:3 131567:5 0:5 131567:1 0:10 131567:3 0:430 490731:1 0:13 490731:5 0:7 490731:3 0:44
C	65	544580	981	0:8 131567:1 0:16 131567:5 0:51 131567:4 0:16 131567:4 0:63 131567:5 0:8 131567:2 0:7 131567:4 0:14 131567:4 0:19 131567:8 0:7 131567:5 0:19 131567:4 0:6 131567:5 0:118 131567:2 0:10 131567:1 0:26 131567:2 0:16 131567:1 0:46 131567:5 0:4 131567:5 0:2 131567:5 0:48 131567:5 0:17 131567:8 0:1 131567:11 0:12 131567:3 0:33 544580:5 0:2 544580:5 0:43 131567:1 0:70 131567:5 0:1 131567:5 0:4 131567:4 0:48 131567:2 0:58 131567:1 0:27
C	66	147550	974	0:224 4751:5 0:116 147550:1 0:176 2072407:1 0:33 131567:5 0:15 131567:5 0:307 131567:1 0:51
C	67	766764	940	0:207 131567:4 0:73 131567:4 0:223 131567:5 0:4 131567:5 0:2 131567:5 0:5 131567:4 0:29 131567:5 0:5 131567:1 0:10 131567:3 0:294 766764:1 0:17
C	68	544580	990	0:21 131567:1 0:58 131567:2 0:48 131567:4 0:4 131567:5 0:1 131567:5 0:70 131567:1 0:13 131567:1 0:19 544580:1 0:3 544580:2 0:4 544580:5 0:2 544580:5 0:33 131567:3 0:12 131567:11 0:1 131567:8 0:17 131567:5 0:6 131567:5 0:16 131567:4 0:1 131567:5 0:12 131567:5 0:2 131567:5 0:4 131567:5 0:46 131567:1 0:16 131567:2 0:26 131567:1 0:10 131567:2 0:7 131567:1 0:13 131567:1 0:11 131567:1 0:19 131567:4 0:63 131567:4 0:6 131567:4 0:19 131567:5 0:7 131567:8 0:19 131567:4 0:14 131567:4 0:7 131567:2 0:8 131567:5 0:181
C	69	544580	974	0:82 131567:4 0:16 131567:4 0:63 131567:5 0:8 131567:2 0:49 131567:7 0:7 131567:5 0:19 131567:4 0:6 131567:4 0:63 131567:4 0:19 131567:1 0:11 131567:1 0:13 131567:1 0:7 131567:2 0:10 131567:1 0:26 131567:2 0:16 131567:1 0:105 131567:5 0:6 131567:5 0:17 131567:8 0:1 131567:11 0:12 131567:3 0:33 544580:5 0:2 544580:5 0:4 544580:2 0:3 544580:1 0:19 131567:1 0:13 131567:1 0:69 131567:5 0:1 131567:5 0:4 131567:4 0:44 131567:5 0:58 131567:1 0:19
C	70	544580	986	0:82 131567:5 0:16 131567:4 0:104 131567:4 0:58 131567:4 0:6 131567:4 0:62 131567:4 0:19 131567:1 0:11 131567:1 0:63 131567:2 0:61 131567:5 0:4 131567:5 0:2 131567:5 0:12 131567:5 0:1 131567:4 0:16 131567:5 0:6 131567:5 0:17 131567:8 0:1 131567:6 0:67 544580:2 0:3 544580:1 0:19 131567:1 0:13 131567:1 0:200 131567:1 0:26
C	71	796027	923	0:30 36035:2 0:172 796027:4 0:99 131567:1 0:5 131567:5 0:16 131567:1 0:12 131567:4 0:5 131567:5 0:2 131567:5 0:4 131567:5 0:29 147537:1 0:56 443226:5 0:11 131567:2 0:4 443226:2 0:116 131567:4 0:6 131567:4 0:19 131567:5 0:7 131567:8 0:19 131567:4 0:62 796027:5 0:67 796027:3 0:73
C	72	500148	950	0:51 578455:3 0:143 5144:2 0:9 5125:5 0:2 5125:5 0:8 131567:5 0:90 147550:5 0:23 1159556:1 0:107 121627:1 0:38 716546:5 0:1 131567:1 0:32 5506:1 131567:5 0:15 131567:5 0:5 131567:1 0:15 500148:2 0:286 131567:1 0:43
C	73	131567	989	0:21 131567:1 0:57 131567:2 0:48 131567:4 0:4 131567:5 0:1 131567:5 0:70 131567:1 0:13 131567:1 0:74 131567:3 0:12 131567:11 0:1 131567:8 0:17 131567:5 0:6 131567:5 0:16 131567:4 0:1 131567:5 0:129 131567:1 0:10 131567:2 0:7 131567:1 0:13 131567:1 0:11 131567:1 0:19 131567:4 0:63 131567:4 0:6 131567:4 0:19 131567:5 0:7 131567:8 0:39 131567:4 0:7 131567:2 0:8 131567:5 0:139 131567:5 0:16 131567:1 0:13
C	74	544580	980	0:21 131567:1 0:58 131567:2 0:48 131567:4 0:4 131567:5 0:1 131567:5 0:70 131567:1 0:13 131567:1 0:19 544580:1 0:3 544580:2 0:4 544580:5 0:2 544580:5 0:33 131567:3 0:12 131567:6 0:40 131567:5 0:16 131567:2 0:35 131567:5 0:46 131567:1 0:16 131567:2 0:26 131567:1 0:10 131567:2 0:7 131567:1 0:13 131567:1 0:11 131567:1 0:19 131567:4 0:63 131567:4 0:6 131567:4 0:19 131567:5 0:7 131567:8 0:19 131567:4 0:14 131567:4 0:7 131567:2 0:8 131567:5 0:63 131567:4 0:16 131567:4 0:51 131567:5 0:16 131567:1 0:14
C	75	490731	1163	0:39 490731:3 0:7 490731:5 0:13 490731:1 0:450 131567:5 0:3 131567:5 0:3 131567:1 0:34 4751:2 0:62 181124:1 0:59 5338:3 0:111 131567:4 0:26 131567:5 0:30 131567:2 0:255
C	76	544580	985	0:103 131567:4 0:63 131567:5 0:8 131567:2 0:7 131567:4 0:14 131567:4 0:19 131567:8 0:7 131567:5 0:19 131567:4 0:6 131567:4 0:98 131567:1 0:13 131567:1 0:7 131567:2 0:10 131567:1 0:26 131567:2 0:16 131567:1 0:46 131567:5 0:55 131567:5 0:6 131567:5 0:17 131567:8 0:1 131567:11 0:12 131567:3 0:33 544580:5 0:2 544580:5 0:4 544580:2 0:3 544580:1 0:19 131567:1 0:13 131567:1 0:69 131567:5 0:1 131567:5 0:4 131567:4 0:48 131567:2 0:58 131567:1 0:27
C	77	5302	1161	0:8 181762:1 0:1 181762:5 0:231 131567:2 0:30 131567:5 0:26 131567:4 0:22 131567:5 0:8 131567:9 0:5 131567:5 0:58 5338:3 0:59 181124:1 0:61 4751:2 0:34 131567:1 0:3 131567:5 0:3 131567:5 0:5 131567:1 0:10 131567:3 0:433 490731:1 0:13 490731:5 0:7 490731:3 0:44
C	78	544580	973	0:9 131567:1 0:16 131567:5 0:51 131567:4 0:16 131567:4 0:63 131567:5 0:8 131567:2 0:7 131567:4 0:14 131567:4 0:32 131567:5 0:19 131567:4 0:6 131567:4 0:63 131567:2 0:54 131567:2 0:10 131567:2 0:116 131567:5 0:1 131567:4 0:16 131567:5 0:6 131567:5 0:17 131567:8 0:1 131567:6 0:53 544580:5 0:2 544580:5 0:4 544580:2 0:3 544580:1 0:19 131567:1 0:13 131567:1 0:68 131567:5 0:1 131567:5 0:4 131567:4 0:48 131567:2 0:58 131567:1 0:28
C	79	544580	979	0:83 131567:4 0:16 131567:4 0:63 131567:5 0:8 131567:2 0:7 131567:4 0:14 131567:4 0:19 131567:8 0:7 131567:5 0:19 131567:4 0:6 131567:4 0:63 131567:4 0:19 131567:1 0:11 131567:1 0:13 131567:1 0:7 131567:2 0:10 131567:1 0:26 131567:2 0:16 131567:1 0:46 131567:5 0:4 131567:5 0:2 131567:5 0:34 131567:5 0:6 131567:5 0:17 131567:8 0:1 131567:11 0:12 131567:3 0:33 544580:5 0:2 544580:5 0:4 544580:2 0:3 544580:1 0:19 131567:1 0:13 131567:1 0:69 131567:5 0:1 131567:5 0:4 131567:4 0:48 131567:2 0:85
C	80	181762	1002	0:22 131567:3 0:5 5204:2 0:271 1349767:1 0:12 131567:4 0:19 131567:5 0:3 131567:5 0:3 131567:1 0:138 456999:2 0:97 131567:5 0:35 131567:4 0:18 131567:2 0:12 131567:2 0:9 131567:5 0:53 181762:5 0:225
C	81	544580	982	0:21 131567:1 0:58 131567:2 0:48 131567:4 0:4 131567:5 0:1 131567:5 0:69 131567:1 0:13 131567:1 0:19 544580:1 0:3 544580:4 0:46 131567:3 0:12 131567:8 0:38 131567:5 0:39 131567:5 0:2 131567:5 0:4 131567:5 0:46 131567:1 0:52 131567:2 0:7 131567:1 0:13 131567:1 0:11 131567:1 0:19 131567:4 0:63 131567:4 0:6 131567:4 0:19 131567:5 0:7 131567:8 0:19 131567:4 0:14 131567:4 0:7 131567:2 0:8 131567:5 0:63 131567:4 0:16 131567:4 0:51 131567:5 0:16 131567:1 0:19
C	82	544580	976	0:102 131567:4 0:84 131567:4 0:14 131567:4 0:19 131567:8 0:7 131567:5 0:19 131567:4 0:6 131567:4 0:63 131567:4 0:19 131567:1 0:11 131567:1 0:13 131567:1 0:7 131567:2 0:10 131567:1 0:26 131567:2 0:16 131567:1 0:46 131567:5 0:4 131567:5 0:2 131567:5 0:36 131567:5 0:6 131567:5 0:17 131567:8 0:1 131567:11 0:12 131567:3 0:33 544580:5 0:2 544580:5 0:4 544580:2 0:3 544580:1 0:19 131567:1 0:13 131567:1 0:70 131567:5 0:1 131567:5 0:4 131567:4 0:48 131567:2 0:58 131567:1 0:22
C	83	544580	984	0:22 131567:1 0:58 131567:2 0:47 131567:4 0:4 131567:5 0:1 131567:5 0:86 131567:1 0:19 544580:1 0:3 544580:2 0:4 544580:5 0:2 544580:5 0:45 131567:11 0:1 131567:8 0:17 131567:5 0:6 131567:5 0:16 131567:4 0:1 131567:5 0:12 131567:5 0:62 131567:1 0:16 131567:2 0:62 131567:1 0:11 131567:1 0:85 131567:4 0:6 131567:4 0:19 131567:5 0:7 131567:8 0:19 131567:4 0:14 131567:4 0:7 131567:2 0:8 131567:5 0:63 131567:4 0:16 131567:4 0:88
C	84	181762	1005	0:23 131567:3 0:5 5204:2 0:274 1349767:1 0:12 131567:4 0:19 131567:5 0:152 456999:2 0:21 5338:3 0:131 131567:2 0:12 131567:2 0:9 131567:5 0:53 181762:5 0:226
C	85	5125	962	0:48 131567:1 0:368 716546:5 0:38 121627:1 0:230 131567:5 0:8 5125:5 0:2 5125:5 0:9 5144:2 0:143 578455:3 0:55
C	86	181762	1171	0:8 181762:1 0:276 131567:5 0:26 131567:4 0:22 131567:1 0:225 5204:3 0:17 131567:1 0:3 131567:5 0:3 131567:5 0:5 131567:1 0:10 131567:3 0:513
C	87	48095	907	131567:2 0:18 131567:5 0:15 40324:5 0:39 45151:3 0:89 28556:2 0:33 28556:7 0:22 716546:3 0:34 716546:2 0:9 716546:1 0:43 131567:6 0:51 48095:5 715340:6 0:21 715340:9 0:16 28556:5 0:19 715340:2 0:16 716546:5 0:15 716546:5 0:1 131567:5 0:2 716545:1 0:7 131567:1 0:38 131567:5 0:7 131567:4 0:10 131567:2 0:83 131567:5 0:106 131567:2 0:52 131567:3 0:26
C	88	544580	974	0:9 131567:1 0:16 131567:5 0:51 131567:4 0:16 131567:4 0:63 131567:5 0:8 131567:2 0:7 131567:4 0:14 131567:4 0:34 131567:4 0:19 131567:4 0:6 131567:4 0:63 131567:4 0:19 131567:1 0:11 131567:1 0:13 131567:1 0:7 131567:2 0:10 131567:1 0:88 131567:5 0:4 131567:5 0:2 131567:5 0:39 131567:5 0:6 131567:5 0:50 131567:1 0:33 544580:5 0:2 544580:5 0:4 544580:2 0:3 544580:1 0:19 131567:1 0:13 131567:1 0:70 131567:5 0:1 131567:5 0:4 131567:4 0:48 131567:1 42260:5 0:14 42260:2 0:37 131567:1 0:22
