0019d4bb-3407-4a9a-b71b-6c4307148b42	1085
00287cc2-cd30-401e-a8e6-bb28d676711b	1133
00671876-2661-4379-8d97-b02b335054a6	1141
00710cd2-bcf9-4152-b684-8a6234fa42b2	1206
008a1969-fb9c-430c-8fc2-aeff5ff88ac6	1139
00a97736-f4d4-4c36-a1ef-e4418874d1d9	1044
00bbd01b-6f8c-4067-b814-9fd2af53e286	1506
00d334a0-c9c4-442b-acff-8b513aa375b7	1141
01024e8a-4f3b-4af4-8d9d-ca427ca73b56	1138
01434704-6775-47e3-990f-9ee40c4d66e3	1140
014dbd8e-cfc3-45a4-abb5-00682f0700b8	1112
01725115-bcdb-4e09-a097-72ef94662915	1065
018c77d5-f928-4c96-9a2d-11f9ebbef2ed	1144
0191ec50-497c-48d9-a566-cd8f03eb736d	1166
01d13d96-5eb8-448b-a9b0-a7aeb9cb5d3c	1134
01e5aac4-2996-4067-ac78-739fbff1e076	1086
02200eee-c0ac-4616-b23d-d361262a5818	1086
02b9d5e8-bb19-42df-99bf-000c1a58d121	1081
02d3b6c4-eedd-4897-9c07-e73b01b82777	1146
02d601ee-4edf-4607-9a4e-5c63d7cfc7a1	1184
02ef73de-ad92-414d-9654-67f1c2394823	1076
0337249f-f3c4-4f77-a25c-af35c5de3905	1104
0338fbfe-cb05-47a4-9291-8284cd715733	1158
039413cc-9f21-4d92-b098-81019e864e02	1129
03b2ca76-79eb-4f3a-bbb2-601f082e9987	1213
03d45198-96f0-4757-987d-558fe877cd71	1151
03fe74c3-0940-4fc6-ab04-4fed02728385	1137
0407c05f-dc56-4c39-bb59-45e81e81ab41	1139
04345dbf-901a-4d82-9af1-7e436ec6a3b4	1079
04667c4a-c134-497a-aea4-9cefff5b0e0c	1141
047b9f97-de2e-43b5-96f7-e41e73fa8478	1128
0489f186-b2c8-4625-abe0-4823eedc9e6f	1143
052bfdda-093a-4bee-9077-1887a8d243df	1132
05678ba7-3ace-4e5d-b5b1-274aa303d230	1147
0573f307-92f3-4b19-8c15-4bb67b8763d3	1060
05d829db-bf06-4659-a578-229bebdfc845	1151
064a60d2-b49e-4a71-8777-e7272690ddb0	1122
0674389e-5b40-453f-b67b-3331637df14c	1140
068981bb-2781-4fd8-aa18-76bf8ca90565	1046
06a4a1e6-4be9-4fe5-b375-98b9152a312d	1164
070185d6-4715-4380-853a-6828277ef430	1061
074a57fe-a6f3-410e-8e74-09104dd9ae56	1126
0755a260-8740-4e34-bb10-d287e209ed47	1147
07df8014-be97-4e28-9509-a2e660356583	1136
084e3906-0c95-490f-b0ca-7be14360b315	1113
08d1db5c-29ae-43d6-b2e4-3b27d9a1fa7e	1208
093ca598-e75a-4bde-bc4b-ccc4ad0f2cee	1135
094072ea-636f-4536-9fb2-740ed98c7f28	1144
0953c64d-d06a-4c91-8d46-0f6fe7aacda7	1111
09c04191-b746-46fd-b796-977b72dd03cc	1123
09d55984-6cab-4379-b515-3c71384beff0	1081
09e634c0-d701-4e51-8fa6-3288ffaacab4	1066
0a03a4f0-f700-459a-b204-ba95c1552e3d	1071
0a1ccfe8-b161-4dba-ae6b-886deb123407	575
0a3929c8-f0d2-4ca1-8ffb-a5b0ec124339	1123
0a6438cc-9d26-4b92-9dff-fc9eeac8ea30	1133
0a78a370-64ea-4989-b25e-7cc9a82b4339	1080
0a975f31-4c99-48f6-b765-0c143bbd47ac	1138
0b1d89f2-10ca-43f4-a703-569bf1d4189d	1136
0b349d24-ef21-48a7-aaa6-891659961f2e	1081
0b7e2a5f-269d-4d52-824b-4260924bd478	1134
0b94ca55-6de5-4248-97b6-558c71ad3168	1130
0bb2acea-648e-4d6d-9fba-1d3f2b822c10	984
0c17d0d0-a3c5-4ef8-893e-1266479f6563	1149
0c645525-3204-484e-9ef0-5c73872cb371	1121
0d15238d-1ed7-4231-8815-291e6f98cc9a	1069
0d2d3cce-5476-465b-bbe9-f56a9e0afbab	1083
0da1ba79-62f5-4679-819d-72c112773b1b	1188
0dc11d2a-9f3c-4be8-8135-07e31254174f	1208
0deff3ec-b335-4e56-b597-d3cf1dfa5d1d	1135
0e0b7ef3-b298-4c44-be91-d963d98fc019	1142
0e2c6266-b1fb-4c00-b41b-e709f4ff2f71	1139
0e5014cc-35c3-4839-9541-fbb270a0b578	1121
0e5c1c7e-9ec6-4697-8849-ccf23c48924a	1139
0ea2647a-b816-4dfa-8fa3-dc35d7e8db08	1186
0ea494d2-9403-4350-a5b2-687949ca7382	1205
0eaa4eb7-5a1e-44b5-8f6c-6e10e5edfb41	1132
0f227760-0a83-4cd0-a72a-e8fca717199e	1136
0f3bab33-da56-4214-a1b3-3f18f17a007d	1142
0f492a9d-0910-497f-adeb-c09be0c461bd	1811
0f8bd0c7-4633-4e63-b4b6-dff4317ac387	1144
0f924693-d612-4626-b4d7-831fb4bca68e	1099
0f9a116e-48a9-45e7-a4e7-e87ddbb3957c	1156
0fc4e45e-440b-46dc-89ec-818f648304a7	1153
0fcb5ef2-ce1d-46c9-b67f-f9e3924ace4c	1066
0fe89c27-8dd4-47c8-b125-329a5ca4f901	1125
1011df63-b7d0-4f48-b658-029a42b97063	1135
10855927-a392-4eeb-bab8-d4698f98e0f5	1121
10987320-ed30-4e4a-a649-22c5ed0b9a53	1130
10ae15bc-345c-4c76-9094-7487cabd258c	1140
10b3f5e1-3d3f-4791-802b-18e0d6114891	1182
10d4ca02-6adb-42f6-9869-6d04d3887917	1198
10e40a7b-f983-46b8-818c-edd4beddb198	1156
10e53da8-d993-4457-9a47-adb91c2d0bcc	1138
1137b8e1-91cc-424b-a7c7-62d3ee94a5a6	1096
115a168c-dd55-4a6b-b072-b534f4d578ee	1072
117cee61-96d6-49ef-a140-a0e702ee2dcd	1197
11968abd-118b-4c9b-852e-865cff5f1509	1122
11b84c8e-b8bb-4928-ba65-7908ace8e1a5	1200
11def8fd-bdca-4581-ad9c-5c6597199733	737
11e3e9dd-3713-4da2-96d4-c39ec20d5c2e	1119
11e86f5d-02aa-4557-8883-e753fe396a05	1161
1213a58f-fd13-46ee-8139-fe76e688d352	1142
12251b25-bd43-4577-9a0a-bf6bce46cef8	1139
1267cfca-87cb-466a-b975-bd8b9eb1300e	1128
12681922-90a2-4256-8987-570bc17d9411	1127
126f6741-7bb1-494e-ba71-3050ef1d1936	1146
12838ba6-933c-4043-8784-9a21406dde60	1171
129b24cb-b877-410c-94db-c68a600cdab7	980
12b908f9-687a-4a18-ae46-1cc01a1344bd	1126
12e712cc-7a1f-43ad-bae6-fbfe5c30b086	1143
12fcdd5b-735c-48ff-821f-711a0ef1e2cb	1143
133415a2-87e1-4959-b660-423fc4a930bb	1204
133467ef-cf59-49eb-985d-f9062c172fd9	1137
13a56ba2-095e-4456-8f13-c2272814d4f0	1132
13f9094f-34e0-4156-bf95-ead86f5cbfeb	1133
14174c1e-844a-4003-9a07-534420f831f6	1041
141db05f-5ff1-4d42-b8d3-59eb7fde969e	1131
144ade0f-3000-4df3-b621-c6c87afe0dc2	1153
145bf5a7-25e1-483b-a317-5cb39c9363e2	1126
1477661c-e9b0-4cdb-91be-f0530d550957	1202
148a445c-ab23-4bf8-b69a-3ae36b210093	1131
1496a403-d5a8-496b-81b9-7245b6583df3	289
14b0d2a2-b170-40ca-8e67-01f3fb928385	1071
14de162b-9c95-47d4-a3c7-5885068e91d5	1190
14f35688-75c3-4c98-9f58-e524b22b6ccc	1131
15007a51-7a63-4e75-849c-5c4e98cc8ff8	1144
1505f3d5-cca6-45de-b86d-39cfd1c658e6	1206
150d9d82-9f1f-470c-8f5f-d16608253117	1206
152bcc60-a7c0-43ac-bfe6-abf82038865e	1132
157483fa-8b88-4eb0-85a7-56b4faf796d5	1127
15a2d4bd-6fdf-4532-a917-af9717c8f2c6	1072
15bf877e-c4a4-4654-81c0-9cad7822fc65	989
15dc580e-9651-4160-8073-335caafabbb8	1125
16130811-6d0c-4d10-966d-b08c7a2b9129	1073
162280b0-5e5a-479e-bf96-a49df0e99ff3	1134
1629e9dc-6bb3-40ba-aa67-45f310862c00	1073
1679fa4e-0fd8-498a-9352-aee1f7627d5d	1136
16901cb8-ce0a-47c8-8903-d55033744252	1032
16c2c1d5-87a6-4833-8381-b962e0dedd99	1346
16c736fb-6b44-4c5c-b63a-d8752d5ad449	1144
16de773f-a0df-4abf-a8f1-66f265224200	1201
17295b68-d4c1-482d-ac78-c68c2cd12ea0	1211
172a28fc-42a5-48ec-be62-271017c04e21	1121
172c29d3-6315-4d5c-b1a5-6ff101afe960	1136
17691ac5-e5c9-4b75-a9a5-aa2b0614f6b2	1169
17ac3648-2545-45d6-bdf6-78bfb29801d5	1088
17ee57bb-23a6-4867-a2b1-1b4198149757	1038
181b9900-67f1-4396-8a1e-aa9bddfc31fa	1112
184cb0ad-7b93-410c-8f66-b5d66125ac94	1128
1858e417-d848-4e0a-908d-750f441d17f6	1155
1868e10c-3cac-453a-9a95-f914edaeee80	1204
186bd5d9-9413-4608-9265-77406b609986	1080
1881d007-67bb-4f77-bbb6-473ba74b381b	1141
189cadcd-ea85-4d90-a5ed-0b44aca38476	2158
192c7046-60f1-4fa7-86a0-f15a21030a73	1127
19387ac6-5a3b-4d4e-bd07-ad47df07b5c2	1134
19d48c97-c004-4be8-80bc-337b1cbb5e03	1077
19e435cd-f4a2-43dd-9b00-f4ae54b3f9bd	1133
1a49b720-9105-4762-a3ad-51d702fb0299	1134
1a8e9be2-dc26-4088-960e-a081b566514c	1061
1ac3c5f7-8e06-4ca7-878a-12b62175013d	1131
1adc5b98-8daa-4664-9e1a-e6fb435943a1	1234
1aeae326-e3da-4b92-977b-83cd7ff103fc	1259
1b880c1b-b043-4aa8-97df-cbe41018ad43	2171
1bd33258-8817-4911-9a9a-f202cdc60baf	1115
1c040074-0bb5-4b4e-a7f0-fe201267b00d	1071
1c041767-e305-4546-a32b-da637fb492a5	1130
1c0d987c-ea34-4a1c-b4f6-9ea8ee68989c	1130
1c1c7d27-e1c4-49d0-a8c0-11345988a226	1113
1c3548cb-3612-4788-b208-e3b939861a81	1048
1c7bce25-168b-4f6d-beea-b43ced9a922b	1173
1cbe7257-4d7b-47f4-87c5-6d8d7e33d9e3	1070
1ccf9e79-8c8f-45c2-9b28-e27dcf517172	1069
1d0bdbf1-5b0c-49f0-a4a6-9b1fda2e9e17	1082
1d195d83-d0ce-4766-bc27-a5d5a5831107	1110
1d391d75-8022-476b-a77c-ca82817f578d	1160
1db0149a-40bd-4b58-afd3-56fadddce150	1107
1dcc979e-df02-4cab-a968-d9643dab3b2e	182
1df3f442-88dd-4675-84a3-de8eb0dd48e1	1072
1e05f962-0fa1-4f91-9f9a-686e280ced63	1138
1e77556b-c245-4688-8d44-458984f2cc79	1110
1ebab2de-a331-460a-b381-968f45cab401	1113
1edebbab-9483-4840-aa41-6702b53a4c35	1202
1ee75e70-85ed-4145-a673-c40b451bd221	1198
1f8fd8cc-1e7f-4305-a1ad-eee56fbe426e	1130
1fbb1214-490e-4000-ae71-6bd694445b9b	1065
1fd11bb7-e990-4250-88f5-b3b254ac754f	1075
1fd6e9e3-5ee0-43fc-983e-91f9cd7364c9	1464
1feaba9c-a781-4627-9017-303c0e32e6ce	1160
1ff0f4f3-2d20-4953-81c5-eef46f22f839	1135
1ffaad6e-79fe-48c0-9c20-3ec25a7a6f8a	1135
200649a1-d375-4582-ab7b-ce200f65fe0a	1151
2008a209-45e3-4bf1-96e7-f510204168ff	1135
2024599e-998d-4e05-8ec9-1e655adb46fa	1130
202c34a9-0e6e-40e4-9ebb-21e61226fd70	1126
20357563-96b3-405a-889d-379428d76b1d	1127
2090df74-7b89-498a-96b2-57a2b2017074	1129
20c31529-227a-4979-b7ce-6d074f48edf1	1050
20dd9ebe-e311-4832-bbee-186018d2ea7f	1089
21001e91-6b0e-445c-a60a-53de4ec8edef	1129
21121758-d8fd-48a2-a594-8ccbc8c76bda	1078
22140c6f-bced-4634-ba4c-fe88e1197200	1139
2218c64e-4f1f-4afa-8141-b207fe1a810b	1121
2254c89c-306d-4fd8-87e0-614c335d6662	1121
225bce7b-d464-434f-b71f-1b05f4bc0c27	2473
2297e946-3c8e-45e5-86f0-48ffe9913989	1071
22b1e802-f763-46c0-aef0-0b7ea16b54e0	1145
22d71a4d-39dd-42c9-8e71-54f39079accc	1138
22db931f-fb20-4ef1-b5c4-46288ae57408	2141
231a5236-90e7-47f8-995b-3a91f17c4f45	1482
2328241b-8e9d-47a3-8ce8-ee1f0dd4965a	1055
232c7081-6883-4abe-a754-8ad8ba98d994	1136
2361ce02-38f3-4a42-909d-6225e9a1a625	1124
236a86c2-2996-42ad-b201-42746b915885	1200
2389d977-e1aa-461f-962f-1a1e91dd2f5f	1148
23a8ff80-c764-49ec-ab18-363141ddbf4f	1133
23b2e903-f6b7-46e7-a10a-0a131c2ddbfc	1141
23bb4bc9-e894-4c65-8fd2-a551f2971c07	1068
23d36c7b-bc58-4142-9043-4df07ed67e70	1142
24077fac-09cf-4b99-8640-7de423492598	1131
241c489f-e3f8-41fb-83e9-c7da96216b5f	1076
2493de5d-ae2b-4353-ae7d-d613eda9ef51	1080
25012ecd-4554-4b1f-9dfd-a24f78c81295	1152
252e58ef-c9fd-4dc5-9c56-00204da3f403	1141
2598dc49-0e74-4608-ab09-845e82119cae	1105
259fad0f-b6d1-40f4-a119-fd4080ed8c72	1167
25b9db99-d6dd-4713-9680-4a139aab7003	1135
2629f989-fe5e-4df9-8237-051fbfc3b772	1142
2635b12d-b621-4459-b060-4fa5e7e37f02	1062
2691f26a-32be-45f8-9a29-b7dd8e02bdf0	1142
26c54d21-6c58-4ec1-9649-dd68e15f262d	1136
26c77b62-7889-48cd-bec1-771d21ff9a3e	1117
26d21a78-8bb8-4ad0-9dca-dcb21d8e0b31	1118
26d53378-500a-4ee6-86c5-70ffdf915733	1148
26f5b1c3-1872-4dac-969c-3ac556a87e62	1215
26fb096b-5615-4d27-a43c-4df80d85cddb	1149
26fe5aca-782d-4d3f-bfe7-44b8fab313d7	1135
2736cdf8-a8d2-4840-ba45-594fa88cebf0	1133
27bea7d9-3eaa-41bf-be1b-fa89952fcf80	1131
288968db-f262-4d29-b3c5-4e81f79e1224	1107
28e420c3-aaae-4acc-a97c-040f2afdb071	123
2913b8fb-245f-463f-8d78-178f1922be9e	1135
2922f10d-54cc-4ebf-9097-5e6474e72031	1123
29662a16-3d29-41cc-ae07-38f7cdb5c848	1197
29702b78-0b9f-4dd3-b823-e1befd992f69	1126
29e63678-5bb0-4988-af94-e8605fb758dd	1071
2a04723c-44c1-4b9a-898b-c79d57224e82	1128
2a165b9e-4584-48ee-88a9-cd4bc4eac2b7	1136
2a2f5499-c124-4e92-9066-f3b4211422f6	1135
2a3655f7-fec6-4cf5-afbc-3aace2edf80b	1113
2a540949-6934-4860-935a-4ba0e8ae9f1a	1128
2a5f5c98-82ff-4f7d-8659-50f8e746d068	1132
2a609e84-4e9c-4858-8807-510949b1756d	1053
2aa33e73-41d2-4e13-b5f3-777bd0001b9f	1073
2acb227f-69c5-4b34-a901-ba65688a27c3	1137
2ae896c0-22cb-452c-9248-0c95f6df7351	1136
2b5fa886-13c1-4caf-88cb-8951e59d516e	1131
2b9b7b01-ecf7-4893-9989-d13ae33e3d2c	1115
2bfaed3e-91f3-4568-8170-59884e1987af	1123
2c7df8ca-c377-4160-9bd2-2030de14bff3	1107
2c95c28d-1839-43d9-94ea-2ad9b668acaf	1117
2cc8e116-ae76-418b-8b14-11aa94657d8a	1139
2cf7682a-04e5-439d-964f-4b8465a97058	1138
2d293c50-4db8-4f3a-b31e-afe011730bd9	1190
2d3fafcd-213f-414e-9d09-43a93bdaf318	1147
2d4257b3-b643-4fae-a06a-d5e5b9865e84	1059
2d652f42-e58e-42fe-b901-71347270588e	1137
2d72d930-31d4-43a7-84ce-14030132a403	1132
2d817aaf-1000-42ca-8996-7c4d205a3df1	1049
2d84ed35-0a82-4068-8d70-eaa9d9703fe8	1224
2d8f0a3d-9ee8-4be0-9cc6-bce7b43a803c	1133
2d9f8e20-c155-44f7-8f00-e3c77c7c9264	1217
2defbe28-fbef-4d1d-af1e-7573f07a88d4	1139
2e67a8c0-fa58-4c4e-9740-dd50d8d636c0	1003
2ed10d0f-3803-4071-9e01-9bcaace9e961	1131
2f2d0ee7-8c4f-4a5b-a651-d05fe13592de	1099
2fb03326-2696-45cf-9bca-85ae9d93e363	1685
2fc4d047-0bef-4b11-8635-dd044456c437	1162
2fe0d223-f56b-4d6d-ad73-7a0633e00f67	1138
2ff51f81-1cd4-4fbb-ad46-cf0b7328fc65	1130
2ffe7c99-c609-442d-9a83-54fa74d0ec74	1139
301d4c29-410f-4e0e-b2e5-d2651cf0ff0d	1152
30571447-4ace-44f0-ab45-9367a403c8e1	1137
30a731c5-5600-4dbf-8819-cd1b5837d0cf	1150
30c11af7-fa77-473d-b6a4-ca3625d5a37d	1136
30f51a00-2eba-4e62-90d1-9c8aec75e84a	1159
3164637b-bb71-4128-80dd-db9c1efdb0ad	1133
3179d97f-f9c3-4ade-a8fe-e6a7fa31cb71	2299
3180035f-91b5-42f8-8302-0793823ba571	1203
319110d6-b774-48de-81e7-6eebbd721fb2	1131
319cb370-a3c6-43ba-8a3d-bc0dd5703de3	1136
31a14c11-8842-454c-b866-4e4c490345cd	1141
31f4e619-0311-4c71-9ade-5a055b86d507	1069
3202aa99-7070-482e-a8f0-70eed4a0d189	1134
321f625c-44b9-4dff-8906-8facf56b1e32	1120
325c982b-b8ee-4193-91dd-4c05ab423f88	1090
32843307-fef9-4891-9c34-e542df58cb42	1071
329264bd-feb7-4294-9ae2-78bbbad8ba47	989
3294710b-70b3-4ce1-baf8-bad9f8c1f7f1	1132
32acbb22-3ee7-4a6d-938f-7e95dc4750b2	1112
331b983f-2462-47e0-a677-fddb464cec3e	1137
331ca859-5b26-4de5-a9d9-78e8acd0504f	1164
33528fc7-f458-4825-84fe-2d7dc3d4a760	1124
338d2e74-b745-4eb1-b16c-fdf623c815e2	1137
33b64ef2-b6de-4a3d-88bb-4fa270b1dff4	1136
33e758ab-f4c7-48b9-b2a5-0916d0df45ba	1063
34209a96-9dea-43b9-a9f1-c6e38418e344	1150
34457639-8fdc-438e-b0b7-1a29f88d7950	1135
34708b13-acbd-4de5-b20c-118275e0dd60	1158
34d98fe7-8226-4ac5-9ce6-60e16a031b9b	1070
3582eed3-53e5-4a09-9b60-dce00f6441e5	1155
35a45910-eebb-4b49-9b73-94c81e14c753	2144
35dd05f6-e109-4449-9bd0-5887b9018843	1156
35f89fa0-4bc5-4f0a-babb-420f59b313b8	1137
363efe44-3043-41b8-9f43-388e7436823c	1134
3647a432-2082-4096-85f6-8e6bb9705232	1145
36702253-bead-4f2b-83bb-3d54c7dc4741	1145
368822a2-4b0a-4c2f-aea3-3c14b12bb04c	1153
36bc2fec-8ae5-44b2-bcab-33a107587d23	1139
371a7689-3c64-42d6-ae25-70557980c981	632
37335c3d-97cd-44a2-abc9-25a8759fbe1d	1134
373eacb2-0c08-4f1e-af7b-cd4cd1dc765b	1132
3741df57-075c-4008-ac1e-98435a6fe2c4	1123
37532f12-4948-4d84-bf16-716001e6cbe2	1136
375e4036-99e9-4d6f-9805-cc6d09cb1cd8	1144
3776bf06-41eb-4091-8f33-7035005d67fa	1076
3787c0d1-be2f-45d9-a4ce-9ef78af32c46	1081
378c92d8-613c-457e-9a41-1d96370b3571	1145
3795bf90-3462-4a56-87c7-c7e310b9de73	1085
37a66851-7c8f-45a7-b139-367c4a6fdcb0	1201
37af2259-8683-40f2-9d6c-2f77350f9d7f	1071
3809362f-7a87-4a89-b30c-9388298c941c	1077
380b396f-9af9-4542-a4c3-67474159be9b	1151
3826db5d-6eab-451d-be24-fdcfe2a3576d	1127
386afc92-9afc-4977-ab0a-cae12f4fd974	1086
3888e7ac-9747-4faa-93ed-95c85c929bf6	1199
38abf626-2586-4ccf-8843-e70f8ea7e392	1151
38b7a5a7-7d71-450c-aed6-ff5de155adc5	1136
390528e7-1898-47d0-8e5f-8526c92430b9	1118
391f373f-799b-4f42-b6c9-5b79d89c25f0	1076
39306daa-3ba7-4fcd-b43a-d47b8b95f920	1125
39f16e8f-c661-48e0-8c32-ad0810830d98	1095
3a0a14ac-23e2-4858-aa70-1ea941f7a455	1129
3a59a496-d7b8-45e5-a5a0-b2bf13881b44	1077
3a7fd8ca-e6f9-4c34-990b-e220f221ef18	1156
3a97b828-f0eb-4d83-8b9c-a1c33dd99072	1072
3b1566e0-06bf-4244-9bc3-28c492cbb09a	1203
3b287e7e-34a1-4050-a2be-1214fd706094	1120
3bad6d4c-3a18-4065-a2e3-3f5a76df034c	1127
3be807c5-3a3f-4308-9619-0890ad3f2673	1079
3bea8f62-2bff-42f3-932b-619a6c7fb737	1131
3bf68f79-0da1-4097-83d5-35abe82e5981	1126
3c2e2a85-3396-458c-8be9-4dc667bae61d	1137
3c7372e2-26e9-45df-85a9-932d16faa527	1203
3cb06a3a-7a43-4733-8257-35de303848cf	1101
3d19b62d-2d8a-4a4b-a7bd-15c614917f3b	1153
3d1d9534-32ea-4a72-9d75-e6c79f673798	1196
3d41cc64-7fad-40e2-86f9-1f7cafabbe67	1201
3d456d90-c412-47e3-adf2-bf8039926b6b	1141
3d978e35-5adf-4bc1-8c72-34092846f953	1107
3dfc1361-6a86-4ba4-a74e-a8d28e439a56	1196
3e0305a3-904e-40ff-9f58-b4fe19c34b80	1076
3e04a092-4615-40b6-b6a3-cb1ee5528fa6	1179
3e25ade4-e60b-4de8-9bb8-4f371416dc5f	1072
3e55d2eb-6646-4431-b862-4cd36ca32b6a	1138
3e5d85f3-4215-46f6-b04f-d99566567ed7	2148
3e643f51-1cef-48a2-897a-f982f11c3c67	1145
3e900c7a-b7b2-456c-ac87-643165685c1b	1050
3eac868a-b2f3-400e-b169-32b049bdbccc	1146
3f39922d-2bfb-4db5-920e-348d53a6185e	1140
3f3c2c22-f543-4d37-87b9-d01ce9ba48cb	1137
3f452a8a-c707-4e0c-8411-68fc200c3150	1115
3f815f69-90fd-477f-8a6f-b410be83f1e5	1139
3f8eeace-d94d-453a-a1b0-d6daa8ebdfb2	1139
3fb98785-14e2-4fcc-82af-a0874dda92a2	1200
3ff4ed1a-1013-408b-8344-4bd6428e956a	1132
40302f22-385a-47fa-be28-358f5b098032	1138
4039faff-0805-4c79-9e8c-41677137c221	1136
4045b991-3e8d-43be-b53c-ec76462622c0	1211
40d17ea3-6d9b-42e2-b7bb-00e699774173	1091
40de5569-0883-49d8-8bc9-5414c4dd3d12	1307
414edb39-730d-4720-9bab-6df16dae2c97	1112
4157f9bc-2b3c-454a-86e1-58641da62de9	1205
419b01c5-4e2a-4d8d-99f1-2e90f47b42a5	1154
41a1ced0-739f-43f3-8617-b50a8154f628	1176
41b9357f-bb52-4e58-bfa0-008c3ee4cdc5	1139
41dd7ef3-6b74-4b10-b43b-3d8f47a8d804	1110
42135767-4828-45b7-b7be-1a2c233f9ecc	1132
4227ae7e-df5e-480a-8259-51bb698faa47	1130
424b5caf-0147-4548-9aad-dec1051979b4	1088
42c28e41-d492-4f4c-a827-9e6d8d22e650	1079
42ceda84-dda3-40d4-8dcc-ec6c8c3b1b6a	1109
431e3125-482a-4945-90ed-de391f5dcad3	1129
432464e7-9175-4ec3-816a-4db3260fc9eb	1129
4327c563-0d01-4554-ad90-ae99f52fe941	1062
44079654-ace1-45f2-83d6-db1ca387ac3d	1149
44255f37-ce8a-4833-9018-3bd0e157b567	702
44340c6e-4008-4d07-98be-3c9c33828f12	1071
444b39e4-2fe2-4446-b662-a932889d6d6c	1137
44731f4a-530f-46ad-bd85-304dc6467584	1066
448abce3-a579-4f85-8292-5c50c515dba9	1141
448ba77b-6443-4ded-b04c-7d538651fafe	1125
4496a70e-4021-43ab-b4e9-ab5aee758ddf	1153
4513eee4-e22b-49f0-ba67-d80bfb3f6bb2	1126
4534bd37-f25e-430b-9e8b-d753b668a3a1	1112
4563df04-3752-41c3-87fe-4489dd5c3896	1145
457647dd-6262-4fea-ba9b-31d9372cce18	1136
459dec1b-25bb-468f-ae14-fbb7402ef180	1129
46006a03-67b2-46a5-83a5-80add58c2cf4	1128
4645afe4-e911-4653-bf1f-d8ad8706ebbf	1057
4660bd88-25b3-45c4-a114-b384e005e7a3	1074
4686f2c9-2221-4623-a132-1850470563b7	1136
4687efd6-268d-486a-9cc3-6947cb180a73	1069
46c335ae-5e6a-4c4b-953c-62aba39bc4a1	1076
46cb850e-e06a-4450-b30c-cbf9add8b882	1130
46d8211d-564d-4744-867d-75f5b7143c6b	1137
46da11ec-1001-47ef-8fe7-29bb661512a2	1202
46ffa794-2c7a-4f54-a6e8-a70717e67031	1381
47065d6a-acd3-4aba-a68c-95cb9eb8f339	1256
47374c20-2b60-40e4-8453-575b4948df0b	1074
47769cf0-3224-4e9b-905d-09cbcb278a07	1134
4780b78a-d260-4cd6-b8b2-b5eaafe58245	1046
47872c6d-e2ce-4a28-b026-10767e249e92	1127
47ccc52a-482b-478e-984d-bf3018fcc686	1133
48557236-5494-4ff3-8e81-55bf693a9efe	1069
485e7d2e-10d1-419f-aeaf-7967f25ad687	1152
48643e3a-5581-46a3-a89c-36ecde2a8f6b	1101
48aafe1d-1c6f-49ee-a244-cd7a99877297	1077
48c4cad2-fe81-419a-a0fa-82ca4c27fbc3	1146
48cd6d62-51a4-4121-a5bb-948f545097db	992
49dde40c-6b50-4c3c-809c-2a1c11ba4c7d	1136
49f07ade-11c9-4487-83fd-624e15aadc9e	1121
4a326508-b0fe-4b72-b637-0b728a76bfb4	1113
4a37fe6b-39cc-499f-9010-ff69507c68db	1166
4a609e47-bfb7-47cd-b02b-a2b800c7fc11	1109
4a75c4aa-9939-4c23-80bc-1dc8e90e0d3b	1162
4abd46ae-cacc-49c8-93c4-15071d58f80c	1157
4af1e7bf-3f0e-460b-95ad-24251318f82c	1128
4b0ee36f-9d1f-4eb3-8d8c-6ae38238c3b8	1129
4b14e619-6ea6-4c23-99d9-0c0cebf3f49f	1200
4b1ca8dd-9cf3-487b-b164-dc267d85ead1	1161
4bc1fc86-585d-430b-8f70-be58b9b9b050	1071
4bc34e0d-782d-4051-9f61-2b3087cce373	1140
4be76bbb-2ca6-4e44-9da7-f1a2a652b65d	1207
4c01177b-e76b-41fe-91eb-a5f700c38176	1129
4c2190ab-1324-42b6-8194-b8b39fde36b0	1113
4c5c5ae7-4def-44db-b21d-c2a221cf9ccf	1128
4c5f41ed-5f2c-455f-8a8a-6bd3e70e0379	256
4ca25ab5-26fb-4b28-96c1-f5c7c73cfacd	1143
4d19833d-b075-4621-9f55-be3aa652109b	1159
4d32abb9-1fae-4d2d-a154-f4a4290fa789	2103
4d34be90-c02e-47db-af83-7b49704f75b2	1136
4d8e68d1-522f-4da4-b25d-e683df3d7077	1138
4dcd239d-1d02-4612-809d-2350477fbbed	787
4e09d4b7-b7d3-4fcc-8bdc-9e1f4fd47637	1135
4e45537e-b4d8-4e5f-840a-84e64945d172	1077
4e4fce51-8042-48d1-bfaa-b9f343cbc654	1073
4e6bfc43-d4b2-44bc-8615-f3ce41d6cfe7	1131
4e936ba4-4634-46f5-8044-25c16bfe2d16	1122
4eb440fd-5418-4106-b987-d37168a47860	1143
4eccf36d-3e3d-4fed-9a91-90b05107770c	1135
4ed12889-98eb-4c3d-a566-656b27674bae	1210
4edad167-ddfd-4f65-ad02-d22faf3ac185	1078
4f0bc16f-fd21-45af-b722-227b89124439	1125
4f4cfcc0-f3a6-429b-bb0f-f4f28a85ceeb	1150
4f50eeb3-eec3-45d6-8109-d6cb8963e952	1207
4f520cff-9277-4eaf-98df-4114089f0ba7	1152
4f5ec6b6-1add-4dd2-9788-ee558257a650	2197
4fbea42b-7a08-484d-9098-202d996a390f	1143
4fed63f4-9034-44d5-84bf-2c3c9a4c4fa0	1122
4ff91d32-04a1-4c7f-b5ad-b43215f3dcb7	1137
5003a25f-79ce-4dac-aadb-52666fc79201	1115
50b102b1-7792-4bb1-9691-bfc869e5733b	1206
50b1f2d3-c096-49f2-bed9-4ca3286c32ad	1131
50cc24a4-b613-4077-bdc9-42f6babefcef	392
51456fcd-0a01-49c8-a94b-d2e89c614cbe	1132
51603b83-bb85-4265-8c80-b70e250255dd	1070
51e6a643-5d1d-45eb-8239-f36d09cece22	2230
52521b17-3f78-4905-a684-527d480735fc	1141
52903824-aa3e-4137-928e-b19d01a79a0b	1162
529ca371-8352-41f8-898e-e7ce38f46a6a	1122
52cb3629-49dc-4b10-9db4-a4a5ee452ee7	1148
5347d63d-2168-4fcd-ab6f-d779f3ae9856	1067
5358bba9-4b5f-401e-a8af-6df5724ccbd5	1151
53d26d20-5539-472a-801b-7f23ea5ba1f8	1121
53e91eb1-d420-4436-9fe8-6f846c9aa7ad	1153
542c34e2-8ace-4e5c-b119-c0a23b159f0e	1068
54b7e326-e325-4437-bae7-dfaaf618b48f	1132
54d77bec-3700-4ecb-b6f1-9713e392b08f	1126
54df97d9-26cc-467c-9ecf-4ea467c5d976	1135
54f16cc3-6084-42b4-b01b-bdb163b46e6c	1157
550fcb96-870c-4041-b884-f8d0e3bd7c30	2091
551ae6cf-c6d4-4660-9cfc-d4a1cc0fd111	1059
5556e1f4-f85f-439c-a2c3-505f11eb13de	1181
555b5551-0d4e-423c-8ecb-ceabe29097aa	1172
55696ecd-11b0-41de-bef1-5a327881b3df	1130
557e39f9-b472-44d3-9876-406d7c986472	1069
55b2218f-4758-4cbf-b1de-015e2bebd15f	1128
55b270af-12c1-461c-ab1a-b02cf15024ee	1127
55b89276-05c0-46d5-b529-85246e7fd82e	1111
55bac87b-ab8a-465a-a424-4a5e3b251afd	1161
55be1476-f5b5-4535-8de1-50da67731e36	1095
55d8dee5-e636-49e8-855f-ccac157c0050	1139
55fb9415-8334-4e5d-ad96-8e3e202f7233	1121
565ea38c-84b8-42af-8770-149469e68f78	1138
567e418e-96d5-4c33-8b58-affebbecfcb1	1141
5683428f-0125-4b0c-8a10-24ab11c01e74	1119
56a801d0-5f91-43d0-9836-a802e58f82c1	1206
56f292af-6bd7-49cc-b039-4cfee6575aa5	1213
57289059-991f-4c95-9611-be1f6685ed7c	1109
573b35c1-a7ce-40e2-9256-6f83d937bd37	1125
57527d4a-4afb-4470-afb8-4c0e468ebab5	1141
575bcd4c-99e8-430d-a591-392384c0a014	1131
579839c4-ba96-4ca3-8cd6-5dc2d4435650	1124
57b58710-ff0c-46c1-9e0d-d61faed0dc55	1166
580ffdb7-2ccd-47e9-93b1-28399d993794	1129
5825d7f4-3f90-40f7-93be-050af9ca2c72	1127
582af885-bbe0-4776-8954-7aa57343a553	1140
58967276-0310-4b2b-9c86-c4ed9dd33e0c	1113
58fa93b1-10d4-488b-b4a9-f5ea0b90b6b3	1138
59751100-ae33-4fab-88aa-631a45286bc1	1197
59811d08-734b-4266-9750-349c7928e871	1126
59931bfa-85d2-4ebf-8c21-ef4baee1f525	1120
5a2fa659-3f1a-452d-8d6e-c543c3b039a2	1127
5a4134ed-16df-4613-8263-d17cc5c0f3cd	1138
5a67d5c7-3a04-4224-a756-90c7cd6a9599	1118
5a6b93e2-fdc5-4ff1-97cc-0c562778ef4c	1136
5a83a6b5-eddb-4230-a0da-b2137b23eb58	1132
5aa7877b-9e69-4f22-bfc1-9bb390f07629	1139
5b14d514-0f83-49e0-9510-1f0a810fdf7e	1123
5b4c8a43-6de8-4201-a0e9-41914e8db83d	1082
5b51ed86-8dbd-49cb-b35b-71c9da522f27	1110
5b9ced70-a124-4217-b8d4-022686a57f30	1104
5c6d1fc2-6fb4-4000-afac-79f5cf2951f3	1199
5c90c32a-7ee3-4861-8872-c2e436fe8db1	1070
5cb4b640-4af7-4714-bce7-d376069c8a44	1127
5ced707b-542e-47a6-adef-68058f37eb69	888
5cfcd239-a539-4348-aee4-530b6ada259d	1129
5d095fe0-6e47-4f8d-bb7a-ee88f6018be6	1140
5d1b31e5-582b-404f-b3bd-d1737b62294d	1136
5db4ffdd-e533-440d-9c71-be4c0909438f	1142
5de124cb-1788-41cd-b5ac-61315e1d116a	1114
5e309bc0-747b-4892-a807-c2dead2d92d6	1131
5e3fa80b-4e8b-4c22-8541-f35757110a04	1206
5f8f1695-a7a0-4de9-9e99-47167156fa44	1121
601d12c2-9d0b-40f3-8289-9d84e5bec557	1129
602fcb7f-a7f2-4daf-a5ff-0b5b7204464a	1137
603ccc80-5abf-4f23-afc2-3086f09f2960	1147
608dacd2-3c73-4ede-9985-1ea931b1cc96	1139
609fb98f-5f7a-4396-a84d-1117a422e990	1141
60c76517-1953-4574-9434-18878b17440f	1131
60d36aeb-0ba9-4509-8a7d-52a71978016f	1145
60f2cdc2-e0fa-4ce2-bdb5-8751f909d787	929
60f74a19-0df8-44a2-8337-a421d1542148	1142
6157f3dc-0428-47b5-aad6-05cb6a58047d	1061
61a9f385-de76-4d32-a0e7-3f6acffb431d	1147
61d7f8c1-fa7f-4869-a85e-2772215a0196	1933
623e1e9c-adc8-4b8a-9ea1-472e7faf6ac7	1132
6265bb05-f033-4215-9acc-d66d317d7e38	997
6286b627-3d99-454f-a6e6-8166dae39c0e	475
629fa614-0a9c-43de-9350-2a17b1220ad0	1070
62d9d939-681a-4ad9-9edc-8fe0bb9920a9	423
6328aa0f-9759-41c2-8467-d53f94022010	1117
63695a9f-a218-458d-b5f8-3a1acda93ed8	1133
637e75fb-7c3c-4834-81aa-7cf81cc4ef5e	1132
63ca5e94-492f-4f56-87e9-912524631957	1138
63f96c74-caca-4ea5-9863-f74502e6744f	1083
63f9d42e-fc09-4c50-bea4-913f3fcbf65d	1144
64022e13-ffa3-4f42-a464-dae4b398686e	1129
6430c893-cc2d-4156-9498-d480bf835d1e	1127
64d2d75d-0931-4347-9f64-a849723daad8	1138
64e2458c-686d-4c24-ab36-0c91e13de009	2199
64e7aa75-f4e2-4c07-a6cd-ea76351c1c07	1159
6526351e-6828-4cf5-9238-7932e191f138	1140
65864382-2ec9-49d7-ad70-17fddb434bf2	1132
6598c586-6dc8-459e-9b89-e59f89154241	1130
659a4b0a-5a45-41b2-b689-3c54b1061779	1207
65ccdafc-584b-4253-bbd3-42e6178ad96d	1203
65df3ff4-41be-4186-b813-d46888e7ff10	1186
65e5f9e4-0126-4829-9895-6d0a1d89e8af	1127
65ea1763-141f-4f63-ba75-79c0ad19fb7a	1088
65f4776a-4f78-431a-8d2c-02b5091d046d	1127
6697ca9a-ac45-4218-aa53-93d161ead204	1614
66fa7f27-5770-4f63-8d6a-c8b522c3557a	1129
6720de54-4eda-48b2-8cc0-35a970a05e0a	1132
674bc59b-1ed0-4dd9-a3ac-0d2d94bf0303	1130
67542daf-5622-4577-a9fc-e39c5769e903	1066
677865a4-28ea-447a-92e8-9ec80ced34f4	1133
67ad9f2d-f81b-4ea9-afc2-6f819256a8f7	1160
67ffa1fd-4076-41b6-82e4-27ce739ec914	1146
680e4eb5-a137-4231-8199-533f7fa2389e	1143
6842504a-e6da-42ad-b61c-c6e88c6ed165	1082
6845a683-ab26-4d0e-85f8-e2ce070d28e9	1148
684e5b3f-f7e4-4c94-90b2-881658a28447	1097
68501cf1-b5c3-4613-b283-046af2672f6f	206
68651c5e-19e4-4d26-8901-90d07a4ed9f4	1157
68780daa-ee8e-43d7-94c5-c41231634e30	1207
6888d67d-109b-4e86-a4ef-147887feb8de	1216
688b6409-45db-4e31-acd7-b744c6e2332b	1155
68985eb7-48b6-4e07-8075-f2ad9aa5679a	1202
68eabd8e-2eae-4d0f-bb4c-cc1d0a0474aa	1075
68f442f3-beaf-40d4-9e8b-2388e0a34af8	1132
6919213e-344d-445f-af96-abdc7bd75e44	1127
694922b4-094f-45d6-af0e-e7c2dc11015d	1137
6949d9cc-9ad5-4834-b359-7c6e3398a841	1144
696e2a88-fce9-481a-bd76-af8b41c6e733	1144
697242db-1795-4bfb-bb71-27d8996b53b7	1152
698a783a-8271-47c9-b8ee-ac3f0332f7c3	1125
69a0ba11-1621-42be-b2f6-52c74058360d	1138
69bf7c93-d7ce-4715-82b2-f94ed6648de7	1148
69c6b923-3cc8-40bc-b691-e5e2c19de44c	1130
69cff738-1c11-4c86-803b-684d1db71e83	1137
6a09c213-7e30-43ec-adcf-95c489039f9e	2312
6a1821ba-725c-4382-8b7a-eb204fddba48	1126
6a3e26bb-6190-4a73-86ca-a72cad0d0ea2	1019
6ab2d61a-1a3e-42cd-a0df-3f79f2eb5bcf	1131
6ad6645d-18e9-48ac-8dbc-34b954ef3abd	1129
6b0d87ca-76cd-4235-a010-d22aa4e79abc	1145
6b255deb-b516-4b58-8bce-c3ab0338c7cf	1134
6ba0bdb8-d53d-4112-9b8b-aaa2e3815a4c	1071
6ba301a9-8143-4130-b520-39b098c0724a	1163
6ba85733-51a6-4c25-915e-dca6e48ad034	1136
6bb457ec-b138-438f-ad37-2b423b986807	1131
6bbaf5ba-d188-4cfd-9531-e61bdb09594e	1484
6bd70e03-994f-47bf-98fb-172f83cc16be	1111
6bec3f58-e8b3-450e-815c-a5dceecf83dc	1126
6c459384-d41d-4812-92c7-5967edce27a8	824
6c4dd870-6e58-4045-adb7-979ec61819d7	1096
6c4e265f-edb0-4b1f-8239-90ff18fe5f09	1130
6c52b359-d43a-493e-b58f-2ab44f8790ee	1075
6c596de5-0228-48e2-89d6-f3b320eaa283	1182
6c634220-46c4-4bc2-aa3b-2d4bafdf571c	1139
6c7c6bc2-67a3-4a97-b67c-e50bebd51b42	1139
6cae4eda-9ccd-4e89-bf37-ff0cac27c7f9	1074
6cd3b1d6-1c01-49e1-9130-afdaabe3d4cc	807
6ce7de48-9319-4d7e-b8ba-8b7af54bb5d0	1199
6d0070aa-43b9-405d-8071-e0310e97ab58	1195
6d0a17a2-4c98-4e9d-b9b0-2ee25f0114d1	1075
6d66b2f6-a7ee-4682-9b4d-e62e40fe5a72	1091
6d85044f-92c6-438c-89e1-ad0b1679158f	1148
6d917f09-19d3-4b12-9811-3f6ff4160f4a	2031
6db0b6a0-94ef-4d12-9cb3-8e50d7c311a6	1122
6de3d75f-9215-46e4-afa5-d3e6f01a8135	1118
6e0771b9-507b-405b-86b0-f327b47e5b0c	1110
6e4ad6a3-55b6-4b43-a308-4cefd3f6d3fe	1145
6e85093f-15ce-4b2d-b653-13556ec82ba6	1079
6e93fb4b-9bbb-456d-96fc-57c924024b01	1111
6eaf5f11-d5e0-4946-b145-895eb69fa0ef	1135
6ec07e6c-96bf-48b5-b378-2fac5d83f861	1135
6ef5ebe9-0df0-4b3e-ad12-bdb300c2d304	1134
6f16cc0d-ab0d-4d15-ad53-74ac25e3f09f	1135
6f6851d7-e48f-4ba2-a166-91f382d40582	1134
6f72dcc2-4caf-4636-ba1e-90336af906be	1160
6f923c27-7448-4a41-8dd9-1077568a2400	1123
6fc4d93a-246a-4c16-9207-e8d3e4175053	1135
6fdd451b-5ecc-4204-907f-e81d4a3ad848	1202
6ff37008-6b0e-4641-b26d-4c8fb34917b8	1140
70474b44-6344-4e57-b641-c9b0914e2eef	1153
705037d2-a848-45f1-b627-8f1ef23e4263	1131
70689e79-9c0f-41ee-a19f-8c3349379eff	1142
70747a6f-dd49-405f-885d-18531aeb5693	1079
708985a4-0def-45dd-92c7-489f61d88ff8	1139
70b8bee3-f51c-4baa-ae32-8eeda2ea6b49	1147
70c6caf5-a192-4431-9d63-253c0a1bada0	1057
70d3b585-e036-43d9-b1a2-d1319b293663	1126
70dbb982-f531-466e-aac9-6f6b96c0f74c	1129
71213ed0-5c3a-47ce-96cf-245ea14bb4a7	1134
7181b028-b4db-476d-abc6-2db650a7a3e3	603
71c9638b-7bbf-460d-9e51-d9f61c920282	1134
721798fc-891f-47db-8f43-fd9057506235	1130
7217f7d6-b9b4-4bbb-8982-7dd6c9d233a2	1140
72305d9f-069b-4f3d-86bc-30cf85924ef1	1183
723abf6c-77ab-4ea9-99a8-bb102def7dab	1138
725e39ca-905b-4c03-a9df-cb3c37b411fb	1158
72b9370b-f6d6-418e-beb6-1f02dfbaa9b3	1108
72db422b-99ca-4ad7-940d-4dc5c942bdcc	875
72de055c-629c-4b90-8c6b-bc4440426d61	1131
731304a5-f2d6-4f22-99c1-f83b1fac2aab	1074
73447b49-f929-4ff4-9388-b4750ac31285	1133
737a8c2b-5d17-45dc-b91f-2b8e0ae8a531	1072
7398e4b8-3114-47c0-9b3d-bfbdbeb9b49b	1134
73bd6706-1e34-4880-8054-a3b4ecb52f6b	1133
73dc82bb-6e0d-4acb-88ad-25a46ace2005	1067
741400d8-8bb2-42c6-817f-836df81748f1	1113
743f0e5c-3760-4e76-b05c-ae3d9de6e803	1135
744ee9a3-027f-44e6-8fe3-24a75029ab4c	1139
7470131f-58ff-4ca7-9fab-051a5f84f611	1065
74d1b89f-da6a-4573-a751-8b60f35aefa1	1123
750827be-4948-4905-8208-742ea8f3550a	1173
75808602-a06e-4566-b63a-599272f9df3f	1181
7591ca42-dae8-4bba-bd5c-17506400ebeb	995
75c66920-1757-44cf-8afc-6d86ef8f67ec	1127
75ec5d3e-8859-495e-aa53-1245d38423df	1197
760f86f3-e95f-4624-acb8-bc12b1ad288d	1142
761fd8f4-7a83-47d0-8dd4-509cc4d6ba78	1130
76bf19fe-ea2e-44be-baec-14ae60bc2b65	1128
76c2ecee-4280-46a1-a395-70f2eed0121c	1182
774a8058-5b13-47f8-b826-a2bc83197108	1071
7762e57c-1b3d-456a-8fcb-2198587fbd5e	1111
779ffad2-05ff-42c7-8017-dabb4f21a585	1136
77a77f89-0401-4fa1-9c11-133a91c5baa1	1080
77be42df-ba11-4550-9da2-57f7697d4967	1125
7821ab8a-a9c6-4dbe-b5e3-bd363920fc27	1060
78ae59ab-3644-4c69-aa6a-829284052217	1135
78c9bebc-da38-4401-8ad7-4844d6b202c9	1137
78db2194-364c-4bf6-a8ca-5d311ac7dda7	1141
78f6ec89-a718-4dbe-8f4d-92cc6d6edcf5	1077
7921af18-0e02-4ff1-ac9b-bfba17542f33	1140
794bdfbe-8123-4113-845c-69cb6ed1daea	1147
79670688-2d56-4a69-8cc7-f827f8096a9f	1081
79700bdd-5381-455f-b129-eac6fa0bed10	1132
7996de60-421b-4490-a756-be9aef61c796	1067
79ca3ce6-ee7a-448d-9511-bbd5e4eb0569	1139
79d91cd5-1251-41d6-bcbe-8afbd2ceec60	1138
79deb57e-70f8-480b-b019-8623ab798d76	1132
79f34818-f6f7-46fa-b758-c50436b974db	1142
7a1995ff-74a3-4021-bac6-5a1826bd57cd	1116
7a1c61d9-19b9-4a19-a4df-95a724d1f288	1207
7a2efee2-b7a7-47d7-9d9e-708d621c6e93	1131
7a2f952a-62be-4413-a677-41c982900029	1129
7aa5d6a2-bc08-4082-a0d3-16031a6617a1	1195
7abc3c85-738e-4f2f-9174-addc98d88df6	1127
7afd46c6-bfc5-4d87-a046-20a1ad840da4	1144
7b2029f9-8e82-4311-99ef-e881ab2b7378	393
7b57e9bb-1a93-4ebf-953a-66a655700cd5	2085
7b74985d-735b-499f-a06e-7631e8b2d3b6	1147
7b99d4b0-db35-4356-b7b7-c0b6e157fd59	1140
7be0808b-e99d-4bd2-9272-de31ae778f9a	1128
7c50c986-c773-44cb-9df3-27ea3077e98d	979
7c674fee-8e83-4167-bef8-cb9bfd1b2983	1196
7c878cc4-6d66-437b-bce9-71eda06ccbab	1138
7c87d238-56e9-4a3d-afff-6df43bb1dc69	1153
7c8fb33a-b879-4fc8-b4fc-a443ff56833e	1065
7cb27f8d-c365-4c27-a122-d92dc96533b4	1116
7d8c91c0-14b6-4807-a0b7-c8911e0896fa	1133
7de141d2-1aa6-4b4c-855c-9bc3a88a5c81	1131
7e768037-4747-4619-baa6-a82c30d7bb92	1147
7e7a27c5-d5f8-4f7f-906a-8084790e7552	1142
7e983cf9-fbcd-422b-84f8-71a97836b1e3	1156
7ebfb496-c656-4171-8009-b6ccc2b30a48	1201
7ec61428-0a51-4810-9234-2a29aa9b8426	1157
7ecf2b8f-e558-42db-8494-ab5aa2391a18	1129
7efb776e-7547-4ed6-9374-fab968787947	1127
7f12c3e9-860e-4d37-8644-a9897d894fe3	1135
7f218e01-a8f8-4081-a9e3-f0fe99c80acf	1045
7f9ffc99-8a54-4328-a9ac-4c5773773a60	1108
7fb25c9f-e93b-4033-a44c-7043d34f9a3e	1076
80419440-dcc2-4036-ad79-4e353fb2216a	1080
8048f80c-d47b-402f-b67b-6d1e389fe3f7	1131
805659ca-b6d8-4d16-95f8-24bfe2109b14	1181
806575e7-5dfd-44e3-a9f5-d837757bd546	1135
80a13f58-14e2-47ca-b786-d480df9580fc	1133
80d252d6-ded4-4a8d-8684-27fd6525f7aa	1197
8107a88b-8aef-4e78-a66c-1c9453d975b8	1136
8133fb75-0293-4b2a-9071-1862913f011b	1065
81a57b61-9e1c-41d5-ad96-49a534824e14	1132
81a7fb8d-65b5-4479-956b-09bca4594f30	1067
81bd00f8-5c32-4253-9e0e-714bb4dfb556	1076
81e81e52-f364-40b3-936c-b5cb83dbc2cd	1137
8250d6e9-371b-4ac4-9a07-2627b2b735f8	908
825b0f5a-5eba-4e12-8cc0-3b81fc784ada	1082
82916a8e-8caf-4036-a64a-734b3015e4c2	1146
82bed1c6-0d0e-475e-ba7d-824fb2c27e45	1191
8371d565-c70a-4e84-841b-1c7056855361	1076
837666ac-44a1-46c5-8db2-026243b0950a	1313
83b73d78-7e9e-4bae-899b-c365e80faa0d	1204
83efb16f-0010-4cd6-aabc-11a10a84c56d	1138
8452ca0f-8101-494a-9bcd-a4916d99a735	1119
84b16456-beee-482f-9c27-35b835e33059	1067
84d8455a-ad21-4025-9835-6bcbfbc83462	1126
84ec2959-2e24-4ce2-86c5-7be6eb2d146a	1132
84f82413-4370-4cba-8140-316b77952c63	2008
85038cde-cd2b-414f-b071-8d5cd861e0ed	1133
8519d3b0-c3f1-4b66-aa60-5fb895eeded8	1074
852672c3-7595-49ba-82a3-931409d458a9	1143
85712ac3-0847-49e1-a9ac-fecea350755b	1130
85add97d-3897-49b6-92c5-7e56d0694470	1084
864dabdd-b108-41ee-8f48-d1d90167d452	1146
8694e4b8-c807-48d2-80e0-344da582af4e	1211
86bc4385-20fa-4cfa-84f8-c141554acc73	1231
86d0993e-0f3c-4a0f-bc19-ce6fc71e7d97	1115
87196577-088c-4013-8609-b9b8114c9f84	1144
873e69a2-8fc2-4f8c-822e-c7a65f8ae0a3	1117
876017ca-6215-4398-b087-e590a2cb4e00	1135
87ba8774-4f0a-447d-ae1c-98bb594479aa	1137
87cb23f3-ea16-4f4b-8379-5040e265c27c	1201
87eba291-6afd-41df-9631-a36bdbc15d66	1109
87f9664e-dffc-4f58-b957-d21de1194feb	1137
886309fd-2f83-495c-8741-08278fb3ef8e	1133
886315ab-42c0-4ec5-9d05-193ca4cfe69c	1131
890d9291-18a7-4bc7-af90-6aa3e88fea44	1128
897766f6-b055-4ea7-a7f2-fab3047a53c9	1131
8985a8de-e2f1-4ee1-b39f-032462652107	1164
89d649dc-dfb7-4f13-aa71-aaf68945a5a1	1128
8a007378-d16d-4a0c-8323-bdb4136e7630	1315
8a2cdf7b-3032-401a-8468-85f23c511160	1129
8a40d2a1-9de7-4db4-8f3e-7ab3575e3753	1072
8b3af47a-6f05-4577-946d-ce32fa7d6c21	1075
8b452477-ab94-48c1-97b3-2223ae7a9c81	1125
8bbef784-380d-4986-a4b5-9de9973f4e30	1131
8bc50a14-f424-43c1-82fb-a3838ce5278c	1057
8bfafe43-bde0-4e6e-a958-af25f1805723	1118
8c1cf712-96da-4bed-a367-72264552de10	1133
8c28e399-40a7-4eae-bad0-fccdc7e45e24	1075
8c5e51fe-ffb6-48e3-9b71-f9465bc14bdf	1151
8c767354-8bdd-49d4-bcda-1096a5303c1d	1140
8c78586c-45a1-4519-a46e-f4bf35430361	1202
8c904638-a773-4f7c-a5ea-8a0cdddbdf50	1128
8c9b09b7-a451-4763-a6e6-e3033e5e02d1	1136
8cb77758-0f1c-43b9-88f8-5491d175d5c4	1197
8d0c4e52-09a4-4092-ada8-32138c08a03b	1206
8d715cc6-0867-4b8f-818e-f0338ca33e32	1149
8d7e0e75-4184-4662-b9b5-aa189ea3bb73	1121
8d8128d3-0ff9-4c5b-bfed-928058f60490	1142
8d8e12c6-f242-48ff-b116-0d1304e30c78	1142
8dd7f8af-2be4-41ab-9d25-0c8d9eef14f4	1134
8de75f8f-796d-4e8f-90d8-1a429ed157fe	1730
8e325dc5-d38b-420f-b718-2715fcec4dc7	1140
8ec85161-76d2-4ca4-a5f0-03a314efa67a	2160
8ecc50e0-2191-45b3-a534-2e964f94adf3	1115
8f0fb856-f3fd-4e4b-b558-5d8eab4fa3f0	1153
8f149e70-dd41-49fa-a322-6c83df93ba62	1150
8f65c908-5eb4-4f49-a681-230264d8e1f1	1189
8f6dc749-5c12-4803-a8af-e4eb932f3c49	1089
8f6e8ee0-55d7-4f30-9da6-4dfc684a215d	1144
8fadcd3a-258a-45e4-b488-0a4e3a495079	1198
8fb96d76-185d-4fa0-8e72-16c946d42289	1139
8fd7c997-c29c-4197-a589-c924fd165bdd	1203
9008fe98-2e47-43d9-a06c-56a28ab5e3db	1201
9067cd08-6627-4cf4-ade2-2168e527f6f5	1070
906f37fb-3bdc-4b2a-8c20-4d24afa258d8	1190
90829acb-a164-40be-b384-c991a6f7a8cd	1146
90956945-e77b-4a5d-9d89-4fc811de469f	2097
9105684f-222e-4569-80e8-8a067946b434	1132
914cb831-428e-4406-9918-cd887a611929	1110
914ef39c-f0bd-419d-bfe9-14b8b1c579a0	1085
9152d5c6-81c6-4c3d-96ed-7fd94ea67aca	1122
9197baa6-5dd1-4181-8402-40205242957b	1144
91a09c8f-bdf5-44c4-a908-51fd5b1f9d8a	1130
921b38e0-fcae-4a80-8ccf-fb61d597a370	1129
92871028-04ac-4392-952f-e48664cc0ec3	1195
9288220a-ea6d-4302-a518-0b4e3c52dd47	1160
92f06172-403b-426b-a203-d139dcb31dde	1073
9306667d-dd43-4286-98d2-7387df437c04	1123
93134526-3d5e-4dde-87a4-af28508f47b2	1205
9327a9b4-bb70-4406-8729-b7b5648eee0c	1136
93443ce5-3852-4d19-8938-b5cf5d8f8416	1088
93484dee-e0c0-47e9-a4a9-e2e4e59f8a2e	1141
93715947-9829-4465-bb87-641db73dc7ce	1189
93c49bc9-498c-40f8-a159-e6b81cac19c4	1136
93c92216-6e9f-4165-8adc-5f0f53f90bf7	1140
93eaa520-c547-4c61-9c65-7a44d7298bd2	1141
94055676-7d3c-43d3-b314-ab27a1eb33ad	1136
94445d1a-1696-4a39-9185-bdd22d779ad2	1056
945d3a1b-862b-4d8c-8266-433d4760f335	1138
948f9241-6494-4648-8062-ddc2578533a9	1112
94af5676-e805-4dc9-aed8-a7cfb3bf8fb4	1141
94b1e4e4-ac16-4bbd-a73c-a79085eb6d23	1143
94bb52c5-7129-4cbe-aaab-71b433c0c0a1	1101
94ffb186-1e42-4897-bee4-342c75deca7f	1073
950c40d4-6422-4066-a9e5-b050a80b457c	1083
950d13cd-bfc6-428f-93b6-72c2e26e6485	1134
95240961-5c5a-4be7-a27d-c5f0f96586a6	1066
95445eca-1652-45c1-baf8-9c20754fb51a	1126
956428ef-7533-4a16-9783-f0e8715691aa	2329
9568ed96-3479-4144-94c6-465689533e50	1131
957bca4e-0e7d-454a-878b-703e44c0d258	1131
96652ccb-fc58-4715-9751-26715c03156d	1056
966a4a44-6f40-4fdb-bd7e-12125066e7a6	1161
9679cd4d-731e-4077-85d5-355b9e9cd60c	1137
96cfbf70-2f76-4cea-9c33-6678db45c5c5	1137
9739ce12-74da-4a2e-aecc-d00e30461e06	1101
9773af5e-b115-4908-9317-67fe4b063b47	1131
97ce6bd4-04e5-4ee2-83f6-999bc497b5ae	1135
97fd8b3c-685d-490f-ac3d-138fa2ef2ece	2152
983197cb-cf80-4716-aaf7-c05648b8a68b	1091
98375ad4-2122-475a-ae2c-53dd8a256bfc	2146
98757c5e-9375-4d71-8e64-df18a5779303	1069
987d2a34-3770-499c-be03-bfe9ca5b9972	2140
98801ba8-0072-475f-9e07-c8797c63b4a5	1057
988ce716-8b9b-40b6-a458-f3281bde97a1	1128
9895f6aa-5490-4f59-810f-3ca5998674d1	1132
98b07f85-8473-478d-8a61-30bb4bd1d857	1122
98b327d6-7d34-477f-98f7-5df7f1a33ef7	1135
98c57bcf-f740-469d-b0fa-fef05b741075	1133
9923dc07-d45d-477e-b92e-f436a5db72fd	1133
99e0bd33-16f3-46e7-b240-e32a2f6b862c	1140
9a92e417-98a8-4a28-a27b-fc5f7c542b49	1131
9b0bb055-1c76-44ed-90f3-36d68cff9ff6	1144
9b29e4e1-9ced-48b4-92f7-ff26db976907	1144
9b75067d-e682-4ffa-8e59-be02e57255e1	1065
9b7cb521-6822-430a-a1c9-3a4c736e0999	1076
9baac289-4307-4300-9a41-2a69c58f3cfe	1142
9bda64cd-d82b-4daf-9ddd-616080780341	1049
9c1cc02b-7066-4dfa-a603-269b0800b5ab	1142
9c46d9e2-fe7a-46a3-9e6d-8d309556e028	1157
9c73f464-8861-44e2-a015-4896c7257d65	1074
9cd45988-a59b-473d-b96a-7a53de986588	1133
9cecaa11-4741-49dd-a2b2-eca4c7fe6476	1145
9cf0ab96-bd79-42ce-a393-22cef611012a	1142
9d21e450-bf6b-4ac9-b3f4-dbc9c964ddb1	1131
9d3c6a7f-3b02-4627-b389-7996bfeee2e8	1153
9d4275f3-f1a2-4334-b5c3-f5950cd4e4fb	1130
9d4ff6fe-a218-4f8c-a1b7-b76ff881c508	1149
9d987667-423d-43fc-81d5-71910f37d903	1130
9debb143-0dd1-4fd5-866e-2ad1efec9f56	1077
9e10bbe5-c861-41d2-a7de-6b1fb74a2f3b	1115
9e3e86cf-e143-4a09-9b74-84b2fe6a1db5	1129
9e52d98d-5e50-45ad-8c44-92703e569727	1073
9e91e59f-f499-41a1-8de8-a11fc7ef9481	1161
9e9d8278-fb23-4dcf-b880-fdf4585d703d	1118
9ec51f98-3b5b-4912-9258-a38923245338	1131
9eca9ae9-574a-458a-a276-4a51b90c9e81	1136
9ed8ae78-6fe7-4248-b2a2-08a8f060abc2	1147
9ef3ba7e-9e23-42be-a3c5-14bafd5ff9b5	1137
9ef72ec7-7d87-4465-b5b0-fc1f2932ef63	1076
9f129ae6-1212-43e1-b427-1a8ea88da9b8	1212
9f1e5cb0-d87f-4988-8995-355fe2ed23fc	1136
9f6a798b-0c93-4943-9276-c4340fdaebfb	1436
9f6dbd16-bbaa-448f-ab0a-a8568559ab73	1062
9fa9c34c-b751-4382-ab8e-eb071d66222f	1130
9fb6af36-d840-4902-8299-dea71b536dc6	844
9fbe2659-81fe-4836-81c6-430b975324dc	1069
9fd45264-d53a-40f6-bc0f-65e444cccc4b	1124
9fdb95b1-75d0-4aef-b214-08fcdec1b70a	1299
9ff1498f-a12b-49b8-8a0d-79d309329674	1135
9ffda916-3125-4bd6-bbf3-0544a0fffa97	1134
a0146c36-342c-4132-b98f-7aeba5fd0cab	1161
a03a37a3-6719-4dc9-aee2-7409151884df	1135
a06bfef9-0563-40a8-a442-7cfdffcbca80	1065
a087deb4-523b-45fd-ba2c-e4bd3a19605b	1129
a0943bd1-7c03-430f-bbe5-fc4b44044509	1163
a0af2ad8-b702-44d9-b179-b06778e7a5b1	1133
a0d0ad16-1595-4024-b41c-7c0f6ddaab88	1135
a0e02b14-fd33-4df8-8438-447d7aeb93bf	2092
a131f390-eafd-4a89-8e2c-61750d7f9e67	1048
a16ad4ed-9cb6-44dd-ba69-3591bb2dfe8a	1061
a19b73b9-8be8-49b9-b143-ea71dd6452e9	1084
a1ba7073-c6c4-432d-9561-5272df2b9886	1146
a1bd68df-ff79-475b-a613-dec3b70d57b4	1112
a1ce88dc-5a01-440f-83a9-1e4eab770188	422
a1fe60b3-48c7-4254-927f-b0fca2146fb0	1139
a2344b28-2542-4056-b6dc-230d5ff8964b	1158
a2625986-2fc7-4b26-a28f-355d0c402295	1093
a2731b9e-460b-441a-ba0e-3b6393d6770a	1109
a2f510fa-9ab8-4ea4-8e5c-613e496be97d	1154
a2fce52e-99a2-4e4f-9477-6579598415a8	1154
a3148403-a345-40c1-93e4-740f47e7d5dd	1213
a33cc38e-190e-443d-89dc-c986016b738c	1071
a3949fa7-b831-461e-9d40-e492354be41b	1080
a3acd077-674a-450a-a417-c96382031951	1120
a3e30c22-e791-4766-8e54-31683c070c91	1166
a3f1c4be-c07e-4da3-b163-e81bb40304b2	1134
a4340b12-a640-4848-be84-947f995f7d37	1207
a44e8dd7-0820-4500-8d9a-3f2787bb8fbc	1155
a47ea419-d526-4578-af03-ae1a269b5847	1138
a48e523e-f183-4984-a1ee-5bdcb56acd55	1079
a4e77f16-a482-4a27-b840-a1f10d85fded	1081
a4e8db16-0e49-421d-930a-661287bfebdb	1081
a4ee6a48-0dca-45a7-a8d7-e01727453204	1100
a55c614b-fa2a-445d-a0e0-3f040bbe817c	1072
a5792a69-3da8-4ac2-a93f-70522d69ac7a	1141
a58e6d72-5ec0-49cc-ad7f-0f7569f251b1	1132
a5c85fa4-00cd-4f0e-a379-36f90a7039b4	1069
a6050f53-f373-4385-9929-3446aa56102a	1119
a624b7c3-a10a-4ee6-bce5-7ed300963b48	1138
a652c96b-c36f-4ebc-96e1-ac6c2f24dcf7	1131
a65a181a-8710-4c39-b52a-cea381f9ce8a	1142
a68cebd3-4cbb-4786-a800-c5c85e4d1848	1192
a691aade-73cc-47be-8fed-c9cf722fc548	1133
a6d8ae8a-032c-40aa-9a24-507bc73f4057	1141
a71ac116-d230-4184-b3e3-1dcca713d548	1139
a7300e51-ed15-4b07-8ade-c642c8918d8c	1138
a78be0ea-6d6a-4c14-9d10-dd8e562ace0b	181
a7d31eb1-b721-452c-bdeb-e0f136d2801e	1154
a7dfda7a-d743-4824-8f80-016d2c1e63a5	1142
a82583a2-492f-4945-8b99-ae7c1b7a0a5f	1152
a830c616-8a0a-4929-8d91-b3d4cb6011cc	1132
a83eab65-c588-4e12-828d-d825523d9f38	1149
a8c162b7-3d0b-4596-a678-602815b3bd94	987
a8fde664-2c09-4e1c-8a83-5de9ecb00ad4	1137
a91c5fe7-88b9-47ae-9e77-5d67787e67d0	2002
a93feb1a-a00c-40ce-926f-79f29e88380f	1198
a95f3b15-6368-4678-9ef7-59258a37915f	1136
a97e625f-97da-409e-8e69-8f80b84339bc	1138
a98114ea-3127-4309-a3c2-b39f85e3b1e7	1139
a9a170a2-a235-4ad5-8e8f-5d5f60d8cfe2	1121
a9ae1da9-f25e-45ec-aa0c-b2d36686ce7f	1129
a9b711a0-9f09-41f4-99e0-ff0a69bcd984	1189
a9c3b8d1-63cc-4582-afa6-433d40bce8cc	1238
a9cb9748-99f6-44ee-b831-7bde2a7a1a01	1167
a9eed279-bc54-48b2-b837-a25697cfd0bb	1124
aa405c7f-2ff6-461e-8f27-be2206c87efe	534
aa527213-1792-4e86-a6c9-cd2ced312cfe	1122
aa678a3f-b00c-4ac0-9730-d846d59bdc61	1134
aa8b24f7-dbf6-40fb-a3d6-992679d6e403	1161
aa927d64-6cee-4f2e-b701-245c38c55f94	1110
ab7d57be-1c04-4da6-90a2-687b7788b258	1138
ab853e88-2ee1-4009-8f31-665055509dec	1128
abb9c9bb-45f2-45f2-bb9d-32bcbe5f1062	1068
abc2c85e-1b95-49c5-ba6c-e0ce44c054a2	1154
abda9a55-4a09-4c89-b399-e08fd691fbd8	1135
abe66143-e51a-4420-95a9-4a93df569c8c	1131
abf324fe-9ba5-4996-896b-baf84587dbbd	1129
abf90638-2c9e-40a5-8463-0cb4cf882b32	1152
ac17a306-42d9-4c58-bc10-f13459d11eb1	1182
ac4d8753-ab58-44f3-8089-374dd1f654bf	1131
ac600aef-7201-462e-a569-2748f08de322	1140
aca58994-34e0-4852-828e-4a8a23aee53b	1130
acfdda09-2535-405f-a602-5ca15b9cb797	1124
ad00c9cf-7c9e-44b2-8849-664149f39ee5	1122
ad1629af-24c6-44d9-9ba0-237c706593bb	1142
ad3e79df-1a6e-4485-86be-532ed9ef4a3c	1042
ad5c17d5-974c-4898-b036-59be0dea9031	1194
ad5dcafa-bded-4fad-97b3-ef0447c87132	1140
ad8d286d-5fad-48f2-bcbb-8e961d3029e4	1137
ad8ff3a8-4526-43e3-bc0e-331d0e7a1ecf	1137
ada00397-3011-4faf-90f9-775d1fff19bc	1131
adb66d05-dd32-445e-b5be-694578f59358	1048
adbf1e7b-47f7-4e48-8c3f-39c544a8b44a	1133
ade380be-d628-4950-bf4d-c825ade7fed5	1048
aea9f2ff-400e-4e0c-93ef-b36e8807758d	1140
aee69caf-87c9-4115-8e9b-65bd1c5701c1	1138
af0e63ca-89c0-4b68-84ac-e73ccc7a27e0	1129
af4cba20-6768-4a7d-b121-d704f5fb216b	1040
afa9fd58-ef45-4625-8485-1a9fba02ae48	992
afcfff28-d97c-4a59-ab23-3276c23c446b	1137
b0019c84-cea2-4676-9739-f4348eb6775c	1134
b004377d-b7e7-4429-994a-cd9c9483b4c1	1184
b0055355-b1c3-4b7b-9a95-cd9f815e5403	1137
b0287e3b-6a81-416c-b6ff-32b4f587f2c6	1144
b0619bf1-dfef-47ee-9d05-3c2122b47d5b	1126
b09e5a30-b129-4b7d-b79c-e587226d696b	1128
b104a523-e8d4-4a8c-85b5-26987cfea4fc	1138
b157e18e-6ca3-45dc-8438-e2c34b6cf25f	1078
b1b58ad7-f173-4710-b086-cfdfd06fd00c	1077
b21741b3-ac7b-426b-907f-15ea358fbbd4	1138
b22c5175-f735-484b-9988-b88591a61052	1094
b25da33d-d7ca-4876-a5ca-cc8b09a9dcd4	1137
b26866fd-c2ad-4dd0-8771-061c11f33bbc	1087
b27c3088-aa47-43ab-afc0-09fbbf7b7075	1435
b29973fb-1a8e-4170-be32-50a4ce050a7a	1083
b32e30fd-d05c-4aeb-aebe-d72b71024563	1150
b33706eb-d233-4f4d-974c-7244f928b2e9	1136
b3f9e55c-b3be-44be-a4c3-700923da003b	1174
b4180b9c-7265-4300-b69e-33e9480a31cb	1096
b41ed015-1dcd-4574-8cc5-38b798d48bcf	1137
b4236605-839d-46c8-9694-c0f77e088777	1211
b429a0b2-edfe-46da-99db-d89fca951ad7	1130
b44d2df4-38f4-48d0-b178-fa79fc5034bd	1064
b4b4ec79-a34f-4e9f-9b3a-29c974b60924	1149
b526acdb-c6c7-4389-bb15-84eebd4d955e	1132
b53137cc-4486-40dd-bd6a-622848a095e2	1192
b534569a-0605-4f31-9e48-61a34f54bbfd	1242
b54bd562-5377-4783-acfd-e536f8d7117f	1076
b57c1e37-df29-4a1f-ab01-3d3f69e114c8	1073
b62c203b-8cea-4e04-b601-8a9ce7e0992e	1180
b676a74f-23fa-4927-b24d-149abdc82f78	1074
b6a604f5-bd86-4ebe-bdd9-2c59e6c48155	1134
b6dbc3f5-ca7a-4474-b6f5-2134b93697d4	1063
b7012384-aa26-428d-b903-b5d9cad78844	1214
b709164c-4db8-41ce-9e7d-567a052ee322	995
b737a6e7-1479-4db7-800f-308d2f420f0a	1072
b7516b3d-fa6d-43d5-8c75-e7a406f175ae	1133
b77182e0-0c53-4fc8-bf19-34c7b79eccd6	1201
b78355b5-1479-4ee6-906f-a38ca4eeb7e3	1133
b7a0c3ea-285d-4566-bf7b-1a36a1f1b89d	1171
b7af5fef-e58e-4ab3-9b49-5cd496f830a1	1069
b7b1185e-7e66-4fb7-93bd-2710057ae377	1449
b7e65bd5-0a4b-4faf-af37-8552406b80ca	1142
b81e7450-70da-4a68-9303-01492b53de12	1056
b86d3b3f-8732-4722-a936-4e25a88bddac	1079
b88f3561-7e5b-4d3e-aec2-0af1ef05b9e3	916
b8a2da14-3cb7-4bbd-b1a0-c69ba0bf7e09	1212
b8a65d87-84b7-4fc7-9576-e3bfc470f5d4	1130
b9901a66-e7ed-46ed-9874-5cae9b922f7c	1120
b9a8c381-bd18-4e2f-befb-23d701ea9f1d	1109
b9b84814-aefd-4a8b-92c4-8407812f6f09	1134
ba525913-9ad7-47ff-b789-b92d52ffab67	1140
ba58d246-b84f-4a0c-8632-a2110b5b7285	1157
ba75abfd-e223-49f9-b7ec-de7d028122a7	1189
ba9660ea-3aaa-4726-a651-c6f52e48b2b7	1110
ba985df5-a487-4dbb-9390-6763754523e2	1124
baf0a107-f573-4e6c-b0a4-e72940f424f5	1127
bb16e261-4410-4449-8819-35c8f88de865	1164
bb36b1f4-ed7e-4e0b-9541-87cbc45d19e6	1139
bb371ea2-7ebf-4cc7-80ed-ec9f92aee8e7	984
bb42258f-e52d-40b2-88c1-f77180005f9c	265
bb6cbcb5-70aa-48ec-83ca-fe10f7b94073	1128
bb787d0f-8694-430a-89d0-037ae137e0e1	1086
bb8c0e7d-e974-4378-854d-bfe8d76dbe3b	1128
bbbe778f-e12b-475b-9ab2-32e8c8e525e1	1120
bc1e5df8-916a-4e69-9747-1946985e2b85	1204
bc1ffb4a-a7d1-4b2d-b4e9-a7db90094034	1133
bc24a816-43ee-4330-a723-02b29f05d505	1143
bc79464a-749e-4124-a82e-566c862a6448	1127
bcc35987-71a8-41bd-a498-d7eec021802f	1164
bcde0618-cd0d-42ce-92b1-90fe7989a613	1076
bd60ad42-7220-44aa-a370-5eb6334b999a	1133
bd62fd59-4ea5-4701-b275-e15711be4c7e	1163
bd733d7f-c3eb-481f-ae8c-02aec8c46747	1140
bde4e368-7144-49d0-8433-1bc77771b3a9	1136
bde7e051-dced-428a-84f4-aab4c6df6fce	1199
bdfd2d0b-0205-4eee-b13b-3b27022d7bcf	1158
be0328bc-df41-4bba-a2de-562ecdeefb3f	1135
be1cf9b7-cbef-4a10-a2db-784e9aa76b3a	1205
be3e90bf-5ba1-400c-ac60-b0af18efa380	1141
be9eead5-4e27-4d93-8053-bbd558622b6c	1075
bec86f8f-e35a-4485-b820-0fe924e3d895	1115
bed7361b-1096-43de-9d4b-390d05c77094	1042
bee98cf6-5cb2-4ca1-bd3b-73b654c999df	1145
beff6b3b-2feb-4083-8790-644dfe9de1fb	1450
bf140f63-70b2-49ab-8797-459ddfe9cda6	1134
bf229124-ffe4-4c41-ab5a-b71714a750be	1138
bf39401a-35ef-43c7-91bc-b7a694f1aa3d	1210
bf68323e-d32c-47ac-9998-b833f6fa2891	1152
bf7463dd-c91c-41ff-a143-2513f8f9f6ad	1180
bfaf412c-c033-403c-a966-445488cf5756	1130
bfbb328e-3140-4d77-8510-fea7bd550be1	1200
bfbdf929-010f-4dcd-b376-2297e0adb66e	1141
bfc16265-e3cd-4b68-ab7e-81db9c99ca21	1138
bffc63b8-abf9-4ef8-89b9-630183cc87e5	1121
bffe4672-2127-4770-8dc2-589444516fcf	1203
c0bc689f-bf9f-43ae-b402-8314a3efd09c	1069
c11d9ba8-44c4-43a8-a657-ef3b8cc95182	1202
c121f08c-35d2-48d8-829c-6238a80d5275	1138
c1255605-c60c-480f-bfec-8da3fd5f9af7	1210
c125f9bf-3655-4d20-aeca-86f5f2e3aded	1139
c13ec4f4-ec9f-4cb2-8de7-8712763968e8	1137
c140ff0e-2145-4cc5-b72b-7756ca832e77	1146
c15e6fd7-3831-4317-b311-4c8994d5a101	1195
c169b926-c13f-4f4f-831a-d1649f31ab78	1207
c16d7625-d4bf-42cb-95ec-add8c09fbcce	1738
c18f70e4-a4bb-49c5-8862-efa4df0347e3	1068
c1b96eb7-2e4b-4ef0-ac8d-27c2208f7657	1083
c1d69f79-e11f-4c6e-ba9f-f591bbd959f5	1132
c2221ae7-fbf5-4fbe-af34-e1dae4533441	1153
c2418e4a-0253-41ec-a603-cc0669916ea1	1093
c292580f-5e36-46ea-ac6c-a39f71e465d6	1145
c2f3627a-f72a-4c6e-9756-0c22d023e59e	1141
c3549349-8eb3-4ab6-b0e5-342800b1f7fd	1105
c3e17c3c-8987-43e8-be4e-8692312e2ec9	1152
c40f25b7-a3a5-440c-8b81-e9e6621fe3fe	256
c4164fc1-9660-40d5-96f9-9c5e89745127	1079
c436a0c9-e798-479c-9083-17feb43a2005	1130
c4cce48e-762b-4220-9a29-d47c7ee7586f	1110
c4d4ca67-ec9c-412a-aa4b-3cdff6a293d0	2154
c511b895-d996-4dd0-a6ac-d4566be7d0db	1527
c543c714-8e61-457f-b14c-35afadfb4f07	997
c56a0e52-8723-4907-a314-860d42663905	1147
c5903cb4-1e8a-4a63-bfe6-9bd3ed36dfa2	1130
c5c376f1-fa7e-46e4-bf00-b433efd98231	1093
c5cb5b27-46f8-4f00-9515-af854b96dd45	1133
c5ce5fa7-5d0b-443f-ad3d-001efa3f5f57	1045
c632f765-799a-4675-b336-0402b90c8ebe	1184
c69c0045-d08a-40f4-b8df-2f68007df33a	1122
c6c35b44-9b2a-4282-bb00-a545878101e9	1082
c6e1f840-88a6-4221-a9a5-2fe670149c19	1081
c73cf8c6-a5a9-41c4-85f8-2d2448426520	1210
c7742541-d07c-45a6-8df2-96b4d4456121	1207
c7c4582e-edac-4383-aba5-d12cda2a44c2	1139
c7cbb67d-25ae-43bd-8eed-b1d5f5328982	1138
c7cd7693-c217-4c3c-9beb-2a6875a0525c	1127
c7d1ae0f-f75f-4b5f-b1ed-28ddf05849c8	1122
c81b4ff8-5117-49a6-8aa9-5097d0a846a5	1068
c82c8322-172a-485a-ba0b-454c500cc3ee	1127
c82fac3f-cbae-4e26-b714-ad1a62d49ba6	1202
c835767b-6549-40f5-8492-ebd3e836d6dd	1140
c84a6615-c7a2-4ef8-8d6f-bce1948f2627	1080
c88049d6-57cb-4ac5-90dc-dc89b3f9d530	1128
c887f658-80f3-44fc-8e18-7d29c8666bbe	1130
c95e723e-ba7c-4e16-86b0-bdeeef159220	1129
c9610057-c18f-4903-8656-3b541640716a	1208
c9b2a3fb-cf2e-4239-9877-9d071d45cd5e	1138
c9fd315c-0b2c-474d-bb69-67ab9d1e43c2	1139
ca2831cf-cc0e-4103-978e-15c83af05d4e	1140
ca43f15a-cbf6-4c3e-9bdd-ba03217c9228	1126
ca645fc6-a616-435f-b6be-9d3d840a5586	1142
ca6a9678-9271-44cb-89ed-4777a215234c	1148
ca7aedb9-167f-4df7-942d-e582ff8d9693	1171
ca8bd968-4731-43f8-ab57-9ae5c0565bcd	1108
cadce4d4-662f-4fbc-9727-8b8b7c83faf1	1144
cc2a2e7b-e193-4ef8-88d0-129599ec2164	1201
cc9494d2-f295-4a0e-abd4-39977d5f8dd5	992
cca38f18-4144-45af-98b5-515c302cafcd	1147
cce7dab1-83f4-4495-9144-e36540fec181	1105
cd085a96-c7a1-4655-aff3-5e19ca9ad34b	1071
cd2344fb-1d9a-4dbf-ad28-a909cf8c7f06	1203
cde70e5e-b9fc-48ab-bbea-7266b192b7e9	1091
ce156dd3-8998-4c8d-aa9d-1598d93027a4	1156
ce19bdcb-831a-44e5-b66a-2583fbf14285	999
ceac1b21-8ea2-4ef4-9412-d5674a7bfac3	1200
cef75bc0-c64b-40db-9f6d-817da1014400	1131
cf0af75a-0976-4b94-acad-e6dea6c7eb9c	1213
cf3cf88f-14bc-4ebf-a084-3e233a3d2526	1127
cf441fee-fc5c-4e62-9070-5ddb8c928168	1114
cf51569d-4c93-4024-9336-9a65968386d6	1118
cfa39c8b-d2fc-4b2d-87e4-1a7796358087	1144
cfab294b-bb50-406b-89cf-78ab5aaffefb	1166
d02c7dbb-4013-475f-ba7a-23c1c626ccb5	1210
d039f6c4-0241-41ad-8569-8ffbaa0294d9	2366
d04ea5e8-bdd1-4032-8d32-269525b31268	1166
d08e9703-85a5-4eca-b3b3-9e5810996de2	1135
d0a7ba9e-985a-4607-946a-631ae2431ba5	1140
d0fb22df-4ef6-418e-9452-2c5971157fdd	1120
d15dd80b-f534-481a-b4ee-ce8766206d79	1076
d18d36b1-6939-47ad-b679-2239d6fd2c71	1142
d1eec387-d7a2-4526-b2cf-94dbc934f65a	2089
d2411784-5a41-4a56-816b-abbd1e0d4e7c	1066
d264aba7-6bfd-4799-9396-9c689b34fdfe	1138
d273a968-8543-45cf-ab38-40eefab8d0fe	1146
d28759ce-8acd-49b2-b140-5c77c5ce728a	1070
d2be1f01-e42c-405b-9d18-9cfb82786f53	1140
d2c46208-ffd1-4b6f-9167-b16d41c4b887	1161
d2fd2be9-08a5-4738-a29b-3c45ef7e388f	1116
d32eab7a-2694-49ec-9229-5ec0b91190b5	1173
d345d951-a63f-4dff-b329-3e4426e1af95	1156
d376ac63-9c2b-4e91-b9b4-19970f255049	1119
d378a4c5-6324-4e2b-87a6-24772dfed617	2148
d39521ac-504e-4898-a91f-cb77d99655a2	1147
d3b97e91-9379-4431-8617-8ed3fc7d70d5	1137
d44dfdcd-22e2-4eae-99c0-3aeb18afb01a	1134
d4683686-717c-471d-8897-ae32d30af7f7	1132
d4704850-b5cb-4907-ae4a-0be80b0e4ed3	1070
d4809668-0d82-4587-b4b4-a1c1f21d3d16	520
d4c7ecc9-2c0c-4189-b265-0bd3ff09f9ba	1136
d59815c1-dec8-498a-87a6-c6035a2d4054	1162
d5dcf6e3-0000-4e17-8d3f-cb365c4ba07b	1157
d6457417-7fcc-4ddd-8f20-8065ff6fa666	1306
d67893d2-bf20-4d98-8e30-5377756f911d	1152
d6983aa3-4750-418e-a567-31c540c10322	1129
d6d29850-2c39-45f3-8be7-14f6d8edc93f	1064
d6ec7499-9d9a-4cac-a7fd-a53a8e496d73	1197
d7330d45-7f18-4cca-94fe-887a817b9a50	1203
d744fc0e-2728-49bd-9370-118163b4dd31	1135
d76b00c4-a73f-43b7-a4ee-977988ae01ae	1216
d76ce9d8-208b-456f-98d8-1093ad1ca8e1	1108
d7b0e3eb-b28b-4d2e-84d6-2f3a3bf6f5e9	1081
d7c30e52-6f68-4d44-a19b-34bd0a6cb24e	1134
d7e38549-ae61-401a-bcf3-4a5649532931	1677
d8271e33-9ed5-4b44-bea7-05ebb0795fd5	1082
d8519730-d3c7-4086-8ca5-8a586d51a90e	1136
d882d45b-9179-4b91-8668-cad393d9ce17	1214
d88820b7-dedb-47e5-a1ff-af4ba8244217	1127
d8c494dc-fbdb-4b5c-a2c0-4aed07585006	1058
d8d83861-3996-4a96-b1d9-48a3f33bfbef	1112
d96bc667-ec67-41bd-9762-522e1b46ea3f	1201
d96c8263-f6c5-482b-8d6f-969155e617d1	1141
d9745c7e-303b-4a91-9f56-191fb4d1909e	1132
d98135db-30cb-42a3-a183-c711b512d0da	1120
d982a6c8-5ffd-4658-b1ab-07a199ac6524	1135
d9e76ff3-6d57-429d-a088-6fce00ffb196	1203
da222648-8b06-4e10-89ee-93a9de09e029	1077
da41af72-7ce3-4986-8f03-2f426de09bf0	1092
dab7bccc-6c59-4654-99b9-d485b10a4a04	1127
db37ce78-d97e-419b-99a1-df7c5cf30424	1209
db4f7785-3d69-43cd-9948-0749386bd131	1149
dbac3f90-239b-485c-a073-849df9d04fc4	1081
dbf40b0e-1ded-4d97-ad24-d64edb69a8ed	1303
dbf46fc6-9041-49f0-ba6b-432ed4a62a5b	1129
dbf9b905-0d4a-4114-a7f6-936bcc50e245	1134
dc4b5c26-e3e0-4e52-b4a0-682c5b8b37a0	1138
dc7b753f-4ebb-4ac3-ada1-13a415a1bdde	1122
dca54f6b-b035-42f1-9c93-18b146a8b6b4	1136
dcc5834c-54d3-43a7-98f1-013c65df9562	1184
dcc66ebf-f31f-48d0-97ad-d5b5930288c9	1100
dcd1ab44-d179-4a68-9e69-3911bdb7897c	1093
dce4d457-c889-49d1-b046-6f2559474cea	1113
dce92f9f-aba9-421d-84e4-a27ec31c1b0d	1071
dd3cedcf-dc7f-4108-a11a-3eabc174bb9c	1105
dd876454-7d43-4146-bc0e-02cf284b042b	1206
ddcec850-7c34-49ca-8d1f-b239d878eba2	1086
de40b8a1-3505-4c71-bf1f-3106516cca23	1128
de593618-768d-4f5c-ade7-210b5ccfaf08	1137
de6a4e20-ef02-4ab3-9216-5bd250ab4c3a	1209
deb15f97-d478-4c09-abd1-8b96a2f3439c	1082
def8e9f3-2604-49cf-8907-3ff518692e84	1245
df7ff6eb-cc4e-40cb-9548-9d0d69f11805	1210
dfc6679f-53b3-42f2-8517-de62b923fd1a	1158
dfd0a20b-10fd-4661-a7bf-501160a9609d	1138
dff2377e-be9c-4c31-bd26-7b52afcfc9dd	1131
e0045389-d9d0-45c3-8158-07496db8b7a2	1119
e08080bc-0897-4394-8dd0-68b94e88d67a	1160
e09c4985-041d-486c-85bb-e647acd1261c	1131
e0b81c37-ca83-4d61-ba28-8324031a6fa6	1131
e14014fe-7e61-4f06-a110-e8768a55dabc	1132
e1966e51-2d20-4ddb-86ff-f82a4bde5792	1123
e1e77d2c-5794-4f74-8f87-523859252199	1127
e1f3f804-bef1-4d70-a4e8-b74fbdf48c60	1133
e2352d1c-aa98-4a1e-98f0-9b96d026ff45	1137
e266d3db-1b1b-46b7-94c8-13e9e36fd3ea	1134
e2712d33-ea85-4092-85f8-5f33716749e1	1138
e2741256-c224-4a7f-947a-01e6566a4b0b	1202
e279aa0f-542b-4b55-9f06-b23c10e3096b	1103
e280ea2e-3cd8-49d1-b2db-824866479ed2	1203
e281825b-91f1-44b8-b6ac-29f0c35edb0e	1121
e2b10d98-133b-495f-9d62-7cf3891d7acf	1140
e2b97fac-eb37-4d1d-887e-cdde427b4637	1138
e2c59bca-d060-483c-ad4f-b8e680087145	516
e2c8cb16-0ae2-410b-a233-618e363afa56	1130
e3108306-0bb7-4c21-b103-b0ad72280b97	1145
e314a5d0-98a1-4d26-8dce-bd6d753aee57	1134
e36f131f-f762-46a8-8f44-4dc6d7d4a7a1	1126
e3daaf18-160c-47fd-8bf9-af3e2ffd7fbd	1138
e40025f8-956f-42f5-bc0e-f78dbcc7c263	1037
e4032487-9056-4777-b24f-71ad585e26c2	1131
e4536e1a-38c9-4de9-af97-bc65b94ed999	1139
e454c85b-18bc-426c-99b4-6b99d9e5240c	1305
e45c061b-16b0-483b-979e-abfa46e3236a	1146
e48105d6-0fa5-43de-88a9-7a904ec8f810	1128
e513582d-9e26-4008-a9b0-07648d607e3f	1138
e517d230-01fa-442a-bb70-db3bec6bd461	1112
e5200678-96b7-4d16-b114-35818875edbc	1160
e5636d0b-ce49-47a0-a1fe-2df9f47c14b1	1091
e56a1901-a185-457d-8fca-37462dfd0517	1110
e5e75a43-e269-48ad-8bcd-03fd1114ed32	1077
e63f9013-691e-43b0-9be3-c9fa306b0b69	1130
e649d667-30bc-46eb-b08b-6925479c8438	1135
e664dfd9-1fec-425f-a6f7-5a5e94157027	1135
e67dadb4-59a1-4565-88e8-cd40018de1de	1152
e6accc27-6ba0-4246-a228-e03597947c21	1184
e75451d3-73f8-4fe8-9f77-32265a4e1947	1119
e75599e0-e8f3-464e-a4dd-5c7a70e83f95	1131
e759c6a2-ca35-43e5-84c6-5229fe4fcbf4	1136
e78186d8-6789-4db9-b1f0-e910ead41803	1139
e7ac294b-fd63-4d92-ad72-b26f53276bde	1137
e7af3205-6fb8-44b0-9632-0d6e4d6e81d3	1137
e7bf816b-6830-46db-8acf-91d2ad753fb4	2236
e7e70aed-7dbf-452a-9025-0866e8d24e1f	1106
e7ebf476-3c3e-4ed1-9800-43937eb7659e	1085
e844f1a8-d3e4-4ecb-9e8f-166fd6fa4ac9	1084
e88c4672-5f2e-4169-934d-423ac9e70b30	1149
e8e32852-32a0-4b5f-b48c-0203928d0dd4	1151
e8fa4d91-a301-4c09-bf24-27940c25d59d	1138
e91f2925-0581-4dff-ada8-844d2511a687	2145
e97ce250-f832-4285-b2af-eceb42ef06f9	1138
e98d5149-d52b-493d-aebb-add3d6759999	1066
e9900629-c8ce-4b77-b10a-89862cc2f350	1144
e9e3a33e-5a6f-4608-a057-0ae650b423d2	1199
ea4a7ea5-32f6-46a2-8139-39061e7a4df2	1153
ea54be09-76bc-47a2-9b77-f5541aeb8fc4	1130
ea73791b-6730-4076-8634-2361051f5ba9	1128
eb37eaf8-9fe3-4996-9a32-ef8925d52c5a	1061
eb46e3e8-369a-4b73-bc60-16cf363c96fa	1140
eb526e17-b9b6-4585-aef4-767bbd8960ec	1146
eb56fb9b-90ef-46b8-bd5d-819b143b1f3f	1132
eb78ea7a-3a21-449f-920e-a88f99298b77	1151
ebd6cf6c-d4ad-4a9a-b6a7-4d6b396ec3bf	1137
ebda8442-f055-4515-b3a7-22b127d3df07	1133
ec099f9e-e2d1-40df-b294-779cac63d21b	1142
ec1ebf6e-cb63-440e-9a78-fc3c06ff5d2f	1111
ec282e5d-9eab-4320-aab8-3f979b5151fd	1075
ec5610a1-c276-47a6-a9c1-7d7807a38f7d	1131
ec7396b0-64ac-46a3-944c-ca378f5ea9cc	1136
ec79638b-d6c3-4654-89d9-e343b93fb3c7	1182
ec95a896-1184-47d8-9c20-f54136b4fcf4	1130
ec99d42d-59b1-4009-8494-a6ac03c29cb5	1139
eca10d6d-bec0-4b19-b9c4-648b7fbf7e58	1155
ecee427e-38a0-414c-a8ba-b55223ed7213	1145
ecf17f1b-52a5-4e94-9bee-1301a89abc5f	1131
ecfde31b-f30b-4479-8d4d-b48cab2a3012	1133
ed53d1f2-a6f8-4ca8-9cb4-75cf267f991e	1133
ed82a4c3-e8f1-493d-ae95-2805e24edafc	1136
eda62331-4fba-4b3e-be55-5dda38677a7f	1137
edc65087-69c0-4871-a944-26483c3fc917	1212
ee1778a3-0fb7-455b-b32c-16d229a12a46	1130
ee2918b5-6803-40a5-bc77-582a735cf9a6	1145
eea6f741-b430-4c46-8ead-63f8d950c70e	1206
eebd567a-990d-43c5-a2e4-a9ec9733a472	1143
eef325f3-c7f8-429e-9c32-77a1119e740d	1133
ef1194b2-990c-4a72-b55e-b22707c095a7	1116
ef2717c8-9490-4f8c-aaea-e9f053106ff6	1132
ef46b4b8-c40b-4386-ad6f-76a497be13d3	1138
efa771d9-6589-437e-926e-147e66a718e3	1120
efba053c-c456-46bc-bcb5-084fadfb7227	1145
f03e6e82-ae73-4e6a-af21-0146d094ef28	1122
f04a70fe-6c17-4465-b55d-37e6da5b0d68	1136
f066de4c-22b3-4faa-830d-013b798d55fe	1052
f06e90a4-d641-4399-8c46-8f3071dd2a80	1076
f0818675-e295-4ceb-bde6-37830abf2844	1211
f0af6154-3dd1-4f6a-8d41-444ad31e913d	1068
f0c25f17-67c6-4530-8b92-4c203a05af10	1201
f0e35b9f-6e2a-40a3-a549-544d11d7b442	1369
f1393589-f7f6-4973-8de2-34d70ea5a54d	1129
f1402672-035b-43d3-be7e-8235a1c1f140	1180
f14ac44c-0583-44b8-b6f3-6a00f9a14417	1129
f17230b9-fe05-45e0-968f-652b366a95dd	1135
f1d0b40f-42c5-474c-b08d-d5cecc51124f	1124
f1f23c47-0c5d-429d-86ff-e75c72d05ef4	1135
f231a43e-117c-4bd4-bf8a-7cd13abd84c7	1165
f2554c05-89fa-4200-b0b1-ed663c19860a	1144
f2600bc4-35f1-47df-9c2f-28c51b71e8f6	1125
f294b20c-a978-475f-811f-c4f64247fa9b	1066
f2ae79a8-ffd3-478d-8f33-05860bcc4689	2826
f2b241b3-d6e3-4ff4-b0e6-14776b6fd161	1150
f3069374-e69e-45d1-9cf4-dc30cb749ea1	1107
f315e8a6-3c19-4ddc-9f09-fcd924b041e5	1209
f37de324-d546-491b-9e18-0f98b2939622	1124
f3856c79-28ca-4830-b847-e9956879efa8	997
f3ba84fd-4879-4b5f-b374-f86bd3ae2dc2	1133
f3e16cac-1356-4c1e-a57e-7d10ed4426d4	1145
f3ebe39a-1e81-4aba-94de-d817e2c19d08	1140
f3f1df1e-8abe-499c-a357-9fe6518e1e2d	1207
f4d55d48-9c09-46c4-b683-e69a685b83b6	1155
f4ddf97a-7ef9-443a-a8c5-38d360507fc9	1136
f4e9304c-f2df-4c86-8611-c9eadc55e210	1061
f52b3307-d4b9-4338-832e-d63f2c76069e	809
f552f1b5-e155-45ba-badb-a9850602bf8c	1121
f576a4cf-3d1b-4bd1-b5f9-5d6794de3ab1	1136
f5787f51-5750-4c94-9740-2451a84f9107	1610
f5af256b-75e5-47c4-86d0-0f3be53f4f7f	1115
f5cd9e57-e1c7-48da-89c0-e07c34b7a645	1130
f60f730c-0342-428f-a544-df2c957fd46f	1139
f610b648-253a-4031-9e4a-1dbc7694e431	1251
f624c866-6b1f-41b0-985e-e78907526cce	1134
f63a67c6-8aa2-4e0b-abf1-f10bb1e114f1	1208
f6817521-48fc-43a9-beb0-d7063e3547b2	1044
f6a5d8a6-3bba-4546-a8e1-193d088fc210	1099
f6eff786-beef-46a3-8066-e8297186a8b3	1131
f72edae1-3119-4362-88d0-78c49b3ef6f1	1124
f73f8840-e892-4de3-ab8a-04879050ee78	1189
f74c3afd-9b29-457e-b9c7-2266ad24fead	1065
f7e244e5-cb1a-4fa5-bd95-7cf277745a5f	1149
f80cc795-701a-441b-b870-35e8a4252831	1139
f83b31be-fa52-4983-8020-1c4871dbc51b	1127
f85d17d3-b982-4647-ad6b-e3edef5bfc9e	1071
f90a081d-1fea-40d0-80ca-27c570d482d0	1073
f914769b-fe9f-46de-80d7-6ddbe50640c6	1135
f98c5047-7e6a-490c-8475-58bbd3642784	993
fa3c16cb-7c5f-4294-ab69-515947986e70	1152
fa542875-d32f-4e19-bc1d-6c5b219841e7	1132
fa819238-c7db-493c-8382-4587e82feddb	1132
fa8c057b-35c4-43d5-b0da-bad05cb1ceef	1134
faf4df2d-4ffa-43cb-a6a0-63dec5472843	1119
fafe4d62-0392-4bc4-812e-2c71bc48bd46	1134
fba3ad9d-e91a-4dac-8435-d8749b67398c	1136
fbd28f3d-4a98-4c4c-b061-4df21091f38a	1067
fbfb5b27-6e12-402f-9c89-ea3fabfaa072	1163
fc04b5f0-a928-4d45-82c7-379942478b33	1198
fc08165d-1881-4128-bb19-3d5c21908510	1136
fc118a0f-2bda-4dd8-baef-a56f83a2c337	1153
fc2ee8ca-c102-4d21-b46d-6048b8be2928	1204
fc8c1581-579f-4d17-88dd-4e0c6fcb6222	1204
fc90dd26-fb08-4b67-98db-34a29745099f	1411
fca56cfc-60e7-493e-b599-585a4685eff1	1117
fcc877ad-2487-4c3f-82dd-a69076ba823b	1088
fcff647b-c620-4ef4-b6e4-80fd05286f95	1082
fd142e50-ba25-4f23-bc85-57bb9e19476f	1093
fd61c119-a934-4993-8173-bb98af48be41	1142
fdba9967-8859-4d24-b51f-c187b6b01b78	1115
fdd1edfe-56e5-406e-906f-631ae241f022	1195
fdef152a-8ac5-43be-8405-b5df5b7bf9e5	1135
fe1e97e3-b190-4905-b208-45e42b351ed9	1076
feaeb7b0-7393-4d69-8a74-85de1071de80	1133
fedcd7fb-5525-4198-989f-48bf39acb8a5	1136
ff74439f-b818-4aaf-8a39-44f67f38486d	1124
ff7de456-85ec-47ed-a140-772f7555e9a8	1146
